,nominative,genitive,dative,accusative,vocative,locative,instrumental
0,rok,roka,roku,rok,roku,roku,rokem
1,člověk,člověka,člověku,člověka,člověče,člověku,člověkem
2,den,dne,dni,den,dne,dni,dnem
3,doba,doby,době,dobu,dobo,době,dobou
4,dítě,dítěte,dítěti,dítě,dítě,dítěti,dítětem
5,život,života,životu,život,živote,životě,životem
6,místo,místa,místu,místo,místo,místě,místem
7,ruka,ruky,ruce,ruku,ruko,ruce,rukou
8,práce,práce,práci,práci,práce,práci,prací
9,strana,strany,straně,stranu,strano,straně,stranou
10,svět,světa,světu,svět,světe,světě,světem
11,země,země,zemi,zemi,země,zemi,zemí
12,čas,času,času,čas,čase,času,časem
13,žena,ženy,ženě,ženu,ženo,ženě,ženou
14,muž,muže,mužovi,muže,muži,mužovi,mužem
15,případ,případu,případu,případ,případe,případu,případem
16,hlava,hlavy,hlavě,hlavu,hlavo,hlavě,hlavou
17,oko,oka,oku,oko,oko,oku,okem
18,město,města,městu,město,město,městě,městem
19,cesta,cesty,cestě,cestu,cesto,cestě,cestou
20,dům,domu,domu,dům,dome,domu,domem
21,věc,věci,věci,věc,věci,věci,věcí
22,voda,vody,vodě,vodu,vodo,vodě,vodou
23,společnost,společnosti,společnosti,společnost,společnosti,společnosti,společností
24,část,části,části,část,části,části,částí
25,chvíle,chvíle,chvíli,chvíli,chvíle,chvíli,chvílí
26,systém,systému,systému,systém,systéme,systému,systémem
27,hodina,hodiny,hodině,hodinu,hodino,hodině,hodinou
28,slovo,slova,slovu,slovo,slovo,slovu,slovem
29,problém,problému,problému,problém,probléme,problému,problémem
30,cena,ceny,ceně,cenu,ceno,ceně,cenou
31,Praha,Prahy,Praze,Prahu,Praho,Praze,Prahou
32,řada,řady,řadě,řadu,řado,řadě,řadou
33,škola,školy,škole,školu,školo,škole,školou
34,firma,firmy,firmě,firmu,firmo,firmě,firmou
35,konec,konce,konci,konec,konci,konci,koncem
36,koruna,koruny,koruně,korunu,koruno,koruně,korunou
37,pohled,pohledu,pohledu,pohled,pohlede,pohledu,pohledem
38,způsob,způsobu,způsobu,způsob,způsobe,způsobu,způsobem
39,dveře,dveří,dveřím,dveře,dveře,dveřích,dveřmi
40,možnost,možnosti,možnosti,možnost,možnosti,možnosti,možností
41,oblast,oblasti,oblasti,oblast,oblasti,oblasti,oblastí
42,milión,miliónu,miliónu,milión,milióne,miliónu,miliónem
43,peníze,peněz,penězům,peníze,peníze,penězích,penězi
44,tělo,těla,tělu,tělo,tělo,těle,tělem
45,situace,situace,situaci,situaci,situace,situaci,situací
46,stát,státu,státu,stát,státe,státu,státem
47,otázka,otázky,otázce,otázku,otázko,otázce,otázkou
48,kniha,knihy,knize,knihu,kniho,knize,knihou
49,skupina,skupiny,skupině,skupinu,skupino,skupině,skupinou
50,pan,pana,panu,pana,pane,panu,panem
51,otec,otce,otci,otce,otče,otci,otcem
52,tisíc,tisíce,tisíci,tisíc,tisíci,tisíci,tisícem
53,rodina,rodiny,rodině,rodinu,rodino,rodině,rodinou
54,měsíc,měsíce,měsíci,měsíc,měsíci,měsíci,měsícem
55,matka,matky,matce,matku,matko,matce,matkou
56,změna,změny,změně,změnu,změno,změně,změnou
57,jméno,jména,jméně,jméno,jméno,jméně,jménem
58,projekt,projektu,projektu,projekt,projekte,projektu,projektem
59,týden,týdne,týdnu,týden,týdne,týdnu,týdnem
60,auto,auta,autu,auto,auto,autu,autem
61,tvář,tváře,tváři,tvář,tváři,tváři,tváří
62,výsledek,výsledku,výsledku,výsledek,výsledku,výsledku,výsledkem
63,většina,většiny,většině,většinu,většino,většině,většinou
64,noc,noci,noci,noc,noci,noci,nocí
65,síla,síly,síle,sílu,sílo,síle,silou
66,vztah,vztahu,vztahu,vztah,vztahu,vztahu,vztahem
67,noha,nohy,noze,nohu,noho,noze,nohou
68,program,programu,programu,program,programe,programu,programem
69,hlas,hlasu,hlasu,hlas,hlase,hlasu,hlasem
70,hra,hry,hře,hru,hro,hře,hrou
71,film,filmu,filmu,film,filme,filmu,filmem
72,minuta,minuty,minutě,minutu,minuto,minutě,minutou
73,informace,informace,informaci,informaci,informace,informaci,informací
74,prostor,prostoru,prostoru,prostor,prostore,prostoru,prostorem
75,pravda,pravdy,pravdě,pravdu,pravdo,pravdě,pravdou
76,služba,služby,službě,službu,službo,službě,službou
77,druh,druha,druhu,druha,druhu,druhu,druhem
78,století,století,století,století,století,století,stoletím
79,procento,procenta,procentu,procento,procento,procentu,procentem
80,ulice,ulice,ulici,ulici,ulice,ulici,ulicí
81,zákon,zákona,zákonu,zákon,zákone,zákonu,zákonem
82,typ,typu,typu,typ,type,typu,typem
83,hodnota,hodnoty,hodnotě,hodnotu,hodnoto,hodnotě,hodnotou
84,pocit,pocitu,pocitu,pocit,pocite,pocitu,pocitem
85,stav,stavu,stavu,stav,stave,stavu,stavem
86,okno,okna,oknu,okno,okno,okně,oknem
87,počet,počtu,počtu,počet,počte,počtu,počtem
88,právo,práva,právu,právo,právo,právu,právem
89,směr,směru,směru,směr,směre,směru,směrem
90,smrt,smrti,smrti,smrt,smrti,smrti,smrtí
91,stůl,stolu,stolu,stůl,stole,stole,stolem
92,bod,bodu,bodu,bod,bode,bodu,bodem
93,tým,týmu,týmu,tým,týme,týmu,týmem
94,zájem,zájmu,zájmu,zájem,zájme,zájmu,zájmem
95,vláda,vlády,vládě,vládu,vládo,vládě,vládou
96,trh,trhu,trhu,trh,trhu,trhu,trhem
97,kraj,kraje,kraji,kraj,kraji,kraji,krajem
98,světlo,světla,světlu,světlo,světlo,světle,světlem
99,podmínka,podmínky,podmínkě,podmínku,podmínko,podmínkě,podmínkou
100,zápas,zápasu,zápasu,zápas,zápase,zápasu,zápasem
101,prostředí,prostředí,prostředí,prostředí,prostředí,prostředí,prostředím
102,válka,války,válce,válku,válko,válce,válkou
103,cíl,cíle,cíli,cíl,cíli,cíli,cílem
104,pokoj,pokoje,pokoji,pokoj,pokoji,pokoji,pokojem
105,rodič,rodiče,rodiči,rodiče,rodiči,rodiči,rodičem
106,osoba,osoby,osobě,osobu,osobo,osobě,osobou
107,barva,barvy,barvě,barvu,barvo,barvě,barvou
108,kolo,kola,kolu,kolo,kolo,kole,kolem
109,funkce,funkce,funkci,funkci,funkce,funkci,funkcí
110,stavba,stavby,stavbě,stavbu,stavbo,stavbě,stavbou
111,smysl,smyslu,smyslu,smysl,smysle,smyslu,smyslem
112,číslo,čísla,číslu,číslo,číslo,čísle,číslem
113,skutečnost,skutečnosti,skutečnosti,skutečnost,skutečnosti,skutečnosti,skutečností
114,role,role,roli,roli,role,roli,rolí
115,metr,metru,metru,metr,metre,metru,metrem
116,Evropa,Evropy,Evropě,Evropu,Evropo,Evropě,Evropou
117,potřeba,potřeby,potřebě,potřebu,potřebo,potřebě,potřebou
118,rozdíl,rozdílu,rozdílu,rozdíl,rozdíle,"rozdílu, rozdíle",rozdílem
119,zpráva,zprávy,zprávě,zprávu,zprávo,zprávě,zprávou
120,zdroj,zdroje,zdroji,zdroj,zdroji,zdroji,zdrojem
121,energie,energie,energii,energii,energie,energii,energií
122,krok,kroku,kroku,krok,kroku,kroku,krokem
123,centrum,centra,centru,centrum,centrum,centru,centrem
124,paní,paní,paní,paní,paní,paní,paní
125,člen,člena,členu,člena,člene,členu,členem
126,akce,akce,akci,akci,akce,akci,akcí
127,obraz,obrazu,obrazu,obraz,obraze,obrazu,obrazem
128,forma,formy,formě,formu,formo,formě,formou
129,období,období,období,období,období,období,obdobím
130,byt,bytu,bytu,byt,byte,bytu,bytem
131,činnost,činnosti,činnosti,činnost,činnosti,činnosti,činností
132,Jan,Jana,Janovi,Jana,Jane,Janovi,Janem
133,obec,obce,obci,obec,obci,obci,obcí
134,přítel,přítele,příteli,přítele,příteli,příteli,přítelem
135,republika,republiky,republice,republiku,republiko,republice,republikou
136,proces,procesu,procesu,proces,procese,procesu,procesem
137,hráč,hráče,hráči,hráče,hráči,hráči,hráčem
138,soud,soudu,soudu,soud,soude,soudě,soudem
139,výkon,výkonu,výkonu,výkon,výkone,výkonu,výkonem
140,syn,syna,synu,syna,synu,synu,synem
141,materiál,materiálu,materiálu,materiál,materiále,materiálu,materiálem
142,rámec,rámce,rámci,rámec,rámci,rámci,rámcem
143,bůh,boha,bohu,boha,bože,bohu,bohem
144,srdce,srdce,srdci,srdce,srdce,srdci,srdcem
145,vlas,vlasu,vlasu,vlas,vlase,vlasu,vlasem
146,autor,autora,autoru,autora,autore,autoru,autorem
147,láska,lásky,lásce,lásku,lásko,lásce,láskou
148,pomoc,pomoci,pomoci,pomoc,pomoci,pomoci,pomocí
149,polovina,poloviny,polovině,polovinu,polovino,polovině,polovinou
150,dílo,díla,dílu,dílo,dílo,díle,dílem
151,strom,stromu,stromu,strom,strome,stromu,stromem
152,stránka,stránky,stránce,stránku,stránko,stránce,stránkou
153,příběh,příběhu,příběhu,příběh,příběhu,příběhu,příběhem
154,vývoj,vývoje,vývoji,vývoj,vývoji,vývoji,vývojem
155,začátek,začátku,začátku,začátek,začátku,začátku,začátkem
156,podpora,podpory,podpoře,podporu,podporo,podpoře,podporou
157,vzduch,vzduchu,vzduchu,vzduch,vzduchu,vzduchu,vzduchem
158,zařízení,zařízení,zařízení,zařízení,zařízení,zařízení,zařízením
159,úřad,úřadu,úřadu,úřad,úřade,úřadu,úřadem
160,lékař,lékaře,lékařovi,lékaře,lékaři,lékařovi,lékařem
161,podoba,podoby,podobě,podobu,podobo,podobě,podobou
162,klub,klubu,klubu,klub,klube,klubu,klubem
163,míra,míry,míře,míru,míro,míře,mírou
164,součást,součásti,součásti,součást,součásti,součásti,součástí
165,množství,množství,množství,množství,množství,množství,množstvím
166,pohyb,pohybu,pohybu,pohyb,pohybe,pohybu,pohybem
167,ředitel,ředitele,ředitelovi,ředitele,řediteli,ředitelovi,ředitelem
168,volba,volby,volbě,volbu,volbo,volbě,volbou
169,názor,názoru,názoru,názor,názore,názoru,názorem
170,myšlenka,myšlenky,myšlence,myšlenku,myšlenko,myšlence,myšlenkou
171,okamžik,okamžiku,okamžiku,okamžik,okamžiku,okamžiku,okamžikem
172,síť,sítě,síti,síť,síti,síti,sítí
173,plán,plánu,plánu,plán,pláne,plánu,plánem
174,zkušenost,zkušenosti,zkušenosti,zkušenost,zkušenosti,zkušenosti,zkušeností
175,"rameno, rámě","ramena, ramene","ramenu, rameni","rameno, rámě","rameno, rámě","ramenu, rameni, rameně",ramenem
176,úroveň,úrovně,úrovni,úroveň,úrovni,úrovni,úrovní
177,jazyk,jazyka,jazyku,jazyk,jazyku,jazyku,jazykem
178,les,lesa,lesu,les,lese,lese,lesem
179,miliarda,miliardy,miliardě,miliardu,miliardo,miliardě,miliardou
180,pole,pole,poli,pole,pole,poli,polem
181,divadlo,divadla,divadlu,divadlo,divadlo,divadlu,divadlem
182,prezident,prezidenta,prezidentu,prezidenta,prezidente,prezidentu,prezidentem
183,zahrada,zahrady,zahradě,zahradu,zahrado,zahradě,zahradou
184,nemocnice,nemocnice,nemocnici,nemocnici,nemocnice,nemocnici,nemocnicí
185,soutěž,soutěže,soutěži,soutěž,soutěži,soutěži,soutěží
186,policie,policie,policii,policii,policie,policii,policií
187,věk,věku,věku,věk,věku,věku,věkem
188,pes,psa,psu,psa,pse,psu,psem
189,zvíře,zvířete,zvířeti,zvíře,zvíře,zvířeti,zvířetem
190,spousta,spousty,spoustě,spoustu,spousto,spoustě,spoustou
191,prst,prstu,prstu,prst,prste,prstu,prstem
192,obchod,obchodu,obchodu,obchod,obchode,obchodu,obchodem
193,text,textu,textu,text,texte,textu,textem
194,postup,postupu,postupu,postup,postupe,postupu,postupem
195,téma,tématu,tématu,téma,téma,tématu,tématem
196,vedení,vedení,vedení,vedení,vedení,vedení,vedením
197,budova,budovy,budově,budovu,budovo,budově,budovou
198,telefon,telefonu,telefonu,telefon,telefone,telefonu,telefonem
199,plocha,plochy,ploše,plochu,plocho,ploše,plochou
200,místnost,místnosti,místnosti,místnost,místnosti,místnosti,místností
201,dívka,dívky,dívce,dívku,dívko,dívce,dívkou
202,postel,postele,posteli,postel,posteli,posteli,postelí
203,nabídka,nabídky,nabídce,nabídku,nabídko,nabídce,nabídkou
204,krev,krve,krvi,krev,krvi,krvi,krví
205,výroba,výroby,výrobě,výrobu,výrobo,výrobě,výrobou
206,hranice,hranice,hranici,hranici,hranice,hranici,hranicí
207,stěna,stěny,stěně,stěnu,stěno,stěně,stěnou
208,rada,rady,radě,radu,rado,radě,radou
209,slunce,slunce,slunci,slunce,slunce,slunci,sluncem
210,rychlost,rychlosti,rychlosti,rychlost,rychlosti,rychlosti,rychlostí
211,manžel,manžela,manželovi,manžela,manželi,manželovi,manželem
212,řízení,řízení,řízení,řízení,řízení,řízení,řízením
213,dcera,dcery,dceři,dceru,dcero,dceři,dcerou
214,hudba,hudby,hudbě,hudbu,hudbo,hudbě,hudbou
215,kvalita,kvality,kvalitě,kvalitu,kvalito,kvalitě,kvalitou
216,sestra,sestry,sestře,sestru,sestro,sestře,sestrou
217,jídlo,jídla,jídlu,jídlo,jídlo,jídlu,jídlem
218,vůz,vozu,vozu,vůz,voze,vozu,vozem
219,obličej,obličje,obličji,obličej,obličji,obličji,obličjem
220,představa,představy,představě,představu,představo,představě,představou
221,tvar,tvaru,tvaru,tvar,tvare,tvaru,tvarem
222,datum,data,datu,datum,datum,datu,datem
223,název,názvu,názvu,název,názve,názvu,názvem
224,návrh,návrhu,návrhu,návrh,návrhu,návrhu,návrhem
225,hvězda,hvězdy,hvězdě,hvězdu,hvězdo,hvězdě,hvězdou
226,bratr,bratra,bratrovi,bratra,bratře,bratrovi,bratrem
227,náklad,nákladu,nákladu,náklad,náklade,nákladu,nákladem
228,duch,ducha,duchu,duch,duchu,duchu,duchem
229,kluk,kluka,klukovi,kluka,kluku,klukovi,klukem
230,politika,politiky,politice,politiku,politiko,politice,politikou
231,třída,třídy,třídě,třídu,třído,třídě,třídou
232,smlouva,smlouvy,smlouvě,smlouvu,smlouvo,smlouvě,smlouvou
233,prostředek,prostředku,prostředku,prostředek,prostředku,prostředku,prostředkem
234,strach,strachu,strachu,strach,strachu,strachu,strachem
235,odpověď,odpovědi,odpovědi,odpověď,odpovědi,odpovědi,odpovědí
236,okolí,okolí,okolí,okolí,okolí,okolí,okolím
237,péče,péče,péči,péči,péče,péči,péčí
238,přístup,přístupu,přístupu,přístup,přístupe,přístupu,přístupem
239,organizace,organizace,organizaci,organizaci,organizace,organizaci,organizací
240,Česko,Česka,Česku,Česko,Česko,Česku,Českem
241,obyvatel,obyvatele,obyvateli,obyvatele,obyvateli,obyvateli,obyvatelem
242,radost,radosti,radosti,radost,radosti,radosti,radostí
243,záda,zad,zádům,záda,záda,zádech,zády
244,metoda,metody,metodě,metodu,metodo,metodě,metodou
245,ministerstvo,ministerstva,ministerstvu,ministerstvo,ministerstvo,ministerstvu,ministerstvem
246,silnice,silnice,silnici,silnici,silnice,silnici,silnicí
247,student,studenta,studentu,studenta,studente,studentu,studentem
248,postava,postavy,postavě,postavu,postavo,postavě,postavou
249,příklad,příkladu,příkladu,příklad,příklade,příkladu,příkladem
250,list,listu,listu,list,liste,listu,listem
251,hora,hory,hoře,horu,horo,hoře,horou
252,šance,šance,šanci,šanci,šance,šanci,šancí
253,zeď,zdi,zdi,zeď,zdi,zdi,zdí
254,úspěch,úspěchu,úspěchu,úspěch,úspěchu,úspěchu,úspěchem
255,provoz,provozu,provozu,provoz,provoze,provoze,provozem
256,úkol,úkolu,úkolu,úkol,úkole,"úkolu, úkole",úkolem
257,teplota,teploty,teplotě,teplotu,teploto,teplotě,teplotou
258,schopnost,schopnosti,schopnosti,schopnost,schopnosti,schopnosti,schopností
259,látka,látky,látce,látku,látko,látce,látkou
260,počítač,počítače,počítači,počítač,počítači,počítači,počítačem
261,kámen,kamene,kameni,kámen,kameni,kameni,kamenem
262,technologie,technologie,technologii,technologii,technologie,technologii,technologií
263,pán,pána,pánovi,pána,pane,pánovi,pánem
264,majitel,majitele,majiteli,majitele,majiteli,majiteli,majitelem
265,rozhodnutí,rozhodnutí,rozhodnutí,rozhodnutí,rozhodnutí,rozhodnutí,rozhodnutím
266,pravidlo,pravidla,pravidlu,pravidlo,pravidlo,pravidle,pravidlem
267,kuchyně,kuchyně,kuchyni,kuchyni,kuchyně,kuchyni,kuchyní
268,dopis,dopisu,dopisu,dopis,dopise,dopisu,dopisem
269,kus,kusu,kusu,kus,kuse,kusu,kusem
270,boj,boje,boji,boj,boji,boji,bojem
271,velikost,velikosti,velikosti,velikost,velikosti,velikosti,velikostí
272,host,hosta,hostu,hosta,hoste,hostu,hostem
273,jednání,jednání,jednání,jednání,jednání,jednání,jednáním
274,fotografie,fotografie,fotografii,fotografii,fotografie,fotografii,fotografií
275,sen,snu,snu,sen,sne,snu,snem
276,zákazník,zákazníka,zákazníku,zákazníka,zákazníku,zákazníku,zákazníkem
277,aktivita,aktivity,aktivitě,aktivitu,aktivito,aktivitě,aktivitou
278,historie,historie,historii,historii,historie,historii,historií
279,snímek,snímku,snímku,snímek,snímku,snímku,snímkem
280,banka,banky,bance,banku,banko,bance,bankou
281,událost,události,události,událost,události,události,událostí
282,prvek,prvku,prvku,prvek,prvku,prvku,prvkem
283,povrch,povrchu,povrchu,povrch,povrchu,povrchu,povrchem
284,kousek,kousku,kousku,kousek,kousku,kousku,kouskem
285,loď,lodě,lodi,loď,lodi,lodi,lodí
286,chyba,chyby,chybě,chybu,chybo,chybě,chybou
287,minulost,minulosti,minulosti,minulost,minulosti,minulosti,minulostí
288,moře,moře,moři,moře,moře,moři,mořem
289,podnik,podniku,podniku,podnik,podniku,podniku,podnikem
290,proud,proudu,proudu,proud,proude,proudu,proudem
291,spolupráce,spolupráce,spolupráci,spolupráci,spolupráce,spolupráci,spoluprácí
292,víno,vína,vínu,víno,víno,vínu,vínem
293,význam,významu,významu,význam,význame,významu,významem
294,kultura,kultury,kultuře,kulturu,kulturo,kultuře,kulturou
295,výzkum,výzkumu,výzkumu,výzkum,výzkume,výzkumu,výzkumem
296,území,území,území,území,území,území,územím
297,příležitost,příležitosti,příležitosti,příležitost,příležitosti,příležitosti,příležitostí
298,pozice,pozice,pozici,pozici,pozice,pozici,pozicí
299,zaměstnanec,zaměstnance,zaměstnancovi,zaměstnance,zaměstnanče,zaměstnancovi,zaměstnancem
300,příprava,přípravy,přípravě,přípravu,přípravo,přípravě,přípravou
301,čelo,čela,čelu,čelo,čelo,čele,čelem
302,večer,večera,večeru,večer,večere,večeru,večerem
303,závěr,závěru,závěru,závěr,závěre,závěru,závěrem
304,ochrana,ochrany,ochraně,ochranu,ochrano,ochraně,ochranou
305,půda,půdy,půdě,půdu,půdo,půdě,půdou
306,zbytek,zbytku,zbytku,zbytek,zbytku,zbytku,zbytkem
307,pozornost,pozornosti,pozornosti,pozornost,pozornosti,pozornosti,pozorností
308,máma,mámy,mámě,mámu,mámo,mámě,mámou
309,papír,papíru,papíru,papír,papíre,papíru,papírem
310,trenér,trenéra,trenéru,trenéra,trenére,trenéru,trenérem
311,rozhovor,rozhovoru,rozhovoru,rozhovor,rozhovore,rozhovoru,rozhovorem
312,umění,umění,umění,umění,umění,umění,uměním
313,předmět,předmětu,předmětu,předmět,předměte,předmětu,předmětem
314,řeka,řeky,řece,řeku,řeko,řece,řekou
315,článek,článku,článku,článek,článku,článku,článkem
316,stroj,stroje,stroji,stroj,stroji,stroji,strojem
317,kůň,koně,koni,koně,koni,koni,koněm
318,aplikace,aplikace,aplikaci,aplikaci,aplikace,aplikaci,aplikací
319,výraz,výrazu,výrazu,výraz,výraze,výraze,výrazem
320,příroda,přírody,přírodě,přírodu,přírodo,přírodě,přírodou
321,bolest,bolesti,bolesti,bolest,bolesti,bolesti,bolestí
322,návštěva,návštěvy,návštěvě,návštěvu,návštěvo,návštěvě,návštěvou
323,podstata,podstaty,podstatě,podstatu,podstato,podstatě,podstatou
324,chování,chování,chování,chování,chování,chování,chováním
325,rozvoj,rozvoje,rozvoji,rozvoj,rozvoji,rozvoji,rozvojem
326,chlapec,chlapce,chlapci,chlapce,chlapče,chlapci,chlapcem
327,obsah,obsahu,obsahu,obsah,obsahu,obsahu,obsahem
328,televize,televize,televizi,televizi,televize,televizi,televizí
329,závod,závodu,závodu,závod,závode,závodu,závodem
330,nástroj,nástroje,nástroji,nástroj,nástroji,nástroji,nástrojem
331,značka,značky,značce,značku,značko,značce,značkou
332,kůže,kůže,kůži,kůži,kůže,kůži,kůží
333,desítka,desítky,desítce,desítku,desítko,desítce,desítkou
334,manželka,manželky,manželce,manželku,manželko,manželce,manželkou
335,zvuk,zvuku,zvuku,zvuk,zvuku,zvuku,zvukem
336,vlna,vlny,vlně,vlnu,vlno,vlně,vlnou
337,stupeň,stupně,stupni,stupeň,stupni,stupni,stupněm
338,táta,táty,tátovi,tátu,táto,tátovi,tátou
339,deska,desky,desce,desku,desko,desce,deskou
340,voják,vojáka,vojákovi,vojáka,vojáku,vojákovi,vojákem
341,řeč,řeči,řeči,řeč,řeči,řeči,řečí
342,vrstva,vrstvy,vrstvě,vrstvu,vrstvo,vrstvě,vrstvou
343,kilometr,kilometru,kilometru,kilometr,kilometre,kilometru,kilometrem
344,sto,sta,stu,sto,sto,stu,stem
345,univerzita,univerzity,univerzitě,univerzitu,univerzito,univerzitě,univerzitou
346,úprava,úpravy,úpravě,úpravu,úpravo,úpravě,úpravou
347,kamarád,kamaráda,kamarádovi,kamaráda,kamaráde,kamarádovi,kamarádem
348,chuť,chutě,chuti,chuť,chuti,chuti,chutí
349,doktor,doktora,doktorovi,doktora,doktoře,doktorovi,doktorem
350,výběr,výběru,výběru,výběr,výběre,výběru,výběrem
351,Německo,Německa,Německu,Německo,Německo,Německu,Německem
352,štěstí,štěstí,štěstí,štěstí,štěstí,štěstí,štěstím
353,úsměv,úsměvu,úsměvu,úsměv,úsměve,úsměvu,úsměvem
354,vlastnost,vlastnosti,vlastnosti,vlastnost,vlastnosti,vlastnosti,vlastností
355,jednotka,jednotky,jednotce,jednotku,jednotko,jednotce,jednotkou
356,mluvčí,mluvčího,mluvčímu,mluvčího,mluvčí,mluvčím,mluvčím
357,rostlina,rostliny,rostlině,rostlinu,rostlino,rostlině,rostlinou
358,Tomáš,Tomáše,Tomáši,Tomáše,Tomáši,Tomáši,Tomášem
359,konstrukce,konstrukce,konstrukci,konstrukci,konstrukce,konstrukci,konstrukcí
360,ohled,ohledu,ohledu,ohled,ohlede,ohledu,ohledem
361,styl,stylu,stylu,styl,style,stylu,stylem
362,kontrola,kontroly,kontrole,kontrolu,kontrolo,kontrole,kontrolou
363,klient,klienta,klientu,klienta,kliente,klientu,klientem
364,fakt,faktu,faktu,fakt,fakte,faktu,faktem
365,důsledek,důsledku,důsledku,důsledek,důsledku,důsledku,důsledkem
366,doprava,dopravy,dopravě,dopravu,dopravo,dopravě,dopravou
367,věda,vědy,vědě,vědu,vědo,vědě,vědou
368,ústa,úst,ústům,ústa,ústa,ústech,ústy
369,teorie,teorie,teorii,teorii,teorie,teorii,teorií
370,zástupce,zástupce,zástupci,zástupce,zástupce,zástupci,zástupcem
371,verze,verze,verzi,verzi,verze,verzi,verzí
372,obor,oboru,oboru,obor,obore,oboru,oborem
373,kolega,kolegy,kolegovi,kolegu,kolego,kolegovi,kolegou
374,žák,žáka,žáku,žáka,žáku,žáku,žákem
375,řidič,řidiče,řidiči,řidiče,řidiči,řidiči,řidičem
376,tlak,tlaku,tlaku,tlak,tlaku,tlaku,tlakem
377,soubor,souboru,souboru,soubor,soubore,souboru,souborem
378,klid,klidu,klidu,klid,klide,klidu,klidem
379,sezona,sezony,sezoně,sezonu,sezono,sezoně,sezonou
380,kapitola,kapitoly,kapitolě,kapitolu,kapitolo,kapitolě,kapitolou
381,pořádek,pořádku,pořádku,pořádek,pořádku,pořádku,pořádkem
382,výrobce,výrobce,výrobci,výrobce,výrobce,výrobci,výrobcem
383,škoda,škody,škodě,škodu,škodo,škodě,škodou
384,kancelář,kanceláře,kanceláři,kancelář,kanceláři,kanceláři,kanceláří
385,muzeum,muzea,muzeu,muzeum,muzeum,muzeu,muzeem
386,výstava,výstavy,výstavě,výstavu,výstavo,výstavě,výstavou
387,budoucnost,budoucnosti,budoucnosti,budoucnost,budoucnosti,budoucnosti,budoucností
388,reakce,reakce,reakci,reakci,reakce,reakci,reakcí
389,podlaha,podlahy,podlaze,podlahu,podlaho,podlaze,podlahou
390,policista,policisty,policistovi,policistu,policisto,policistovi,policistou
391,snaha,snahy,snaze,snahu,snaho,snaze,snahou
392,obrázek,obrázku,obrázku,obrázek,obrázku,obrázku,obrázkem
393,stovka,stovky,stovce,stovku,stovko,stovce,stovkou
394,hledisko,hlediska,hledisku,hledisko,hledisko,hledisku,hlediskem
395,září,září,září,září,září,září,zářím
396,ztráta,ztráty,ztrátě,ztrátu,ztráto,ztrátě,ztrátou
397,scéna,scény,scéně,scénu,scéno,scéně,scénou
398,liga,ligy,lize,ligu,ligo,lize,ligou
399,napětí,napětí,napětí,napětí,napětí,napětí,napětím
400,vítr,větru,větru,vítr,větře,větru,větrem
401,duše,duše,duši,duši,duše,duši,duší
402,technika,techniky,technice,techniku,techniko,technice,technikou
403,zima,zimy,zimě,zimu,zimo,zimě,zimou
404,učitel,učitele,učitelovi,učitele,učiteli,učitelovi,učitelem
405,struktura,struktury,strukturě,strukturu,strukturo,strukturě,strukturou
406,domov,domova,domovu,domov,domove,domovu,domovem
407,dolar,dolaru,dolaru,dolar,dolare,dolaru,dolarem
408,výška,výšky,výšce,výšku,výško,výšce,výškou
409,výhoda,výhody,výhodě,výhodu,výhodo,výhodě,výhodou
410,komunikace,komunikace,komunikaci,komunikaci,komunikace,komunikaci,komunikací
411,kostel,kostela,kostelu,kostel,kostele,kostele,kostelem
412,divák,diváka,diváku,diváka,diváku,diváku,divákem
413,generace,generace,generaci,generaci,generace,generaci,generací
414,léto,léta,létu,léto,léto,létě,létem
415,předseda,předsedy,předsedovi,předsedu,předsedo,předsedovi,předsedou
416,obr,obra,obrovi,obra,obře,obrovi,obrem
417,stanice,stanice,stanici,stanici,stanice,stanici,stanicí
418,gól,gólu,gólu,gól,góle,gólu,gólem
419,kategorie,kategorie,kategorii,kategorii,kategorie,kategorii,kategorií
420,Čech,Čecha,Čechu,Čecha,Čechu,Čechu,Čechem
421,ucho,ucha,uchu,ucho,ucho,uchu,uchem
422,maso,masa,masu,maso,maso,mase,masem
423,maminka,maminky,mamince,maminku,maminko,mamince,maminkou
424,dispozice,dispozice,dispozici,dispozici,dispozice,dispozici,dispozicí
425,střecha,střechy,střeše,střechu,střecho,střeše,střechou
426,prodej,prodeje,prodeji,prodej,prodeji,prodeji,prodejem
427,internet,internetu,internetu,internet,internete,internetu,internetem
428,krk,krku,krku,krk,krku,krku,krkem
429,krajina,krajiny,krajině,krajinu,krajino,krajině,krajinou
430,krize,krize,krizi,krizi,krize,krizi,krizí
431,hotel,hotelu,hotelu,hotel,hotele,hotelu,hotelem
432,motor,motoru,motoru,motor,motore,motoru,motorem
433,praxe,praxe,praxi,praxi,praxe,praxi,praxí
434,povinnost,povinnosti,povinnosti,povinnost,povinnosti,povinnosti,povinností
435,režim,režimu,režimu,režim,režime,režimu,režimem
436,pokus,pokusu,pokusu,pokus,pokuse,pokusu,pokusem
437,noviny,novin,novinám,noviny,noviny,novinách,novinami
438,sport,sportu,sportu,sport,sporte,sportu,sportem
439,dojem,dojmu,dojmu,dojem,dojme,dojmu,dojmem
440,naděje,naděje,naději,naději,naděje,naději,nadějí
441,okraj,okraje,okraji,okraj,okraji,okraji,okrajem
442,mozek,mozku,mozku,mozek,mozku,mozku,mozkem
443,karta,karty,kartě,kartu,karto,kartě,kartou
444,titul,titulu,titulu,titul,titule,titulu,titulem
445,ret,rtu,rtu,ret,rte,rtu,rtem
446,délka,délky,délce,délku,délko,délce,délkou
447,zbraň,zbraně,zbrani,zbraň,zbrani,zbrani,zbraní
448,sobota,soboty,sobotě,sobotu,soboto,sobotě,sobotou
449,dokument,dokumentu,dokumentu,dokument,dokumente,dokumentu,dokumentem
450,správa,správy,správě,správu,správo,správě,správou
451,paměť,paměti,paměti,paměť,paměti,paměti,pamětí
452,údaj,údaje,údaji,údaj,údaji,údaji,údajem
453,stopa,stopy,stopě,stopu,stopo,stopě,stopou
454,odborník,odborníka,odborníkovi,odborníka,odborníku,odborníkovi,odborníkem
455,časopis,časopisu,časopisu,časopis,časopise,časopisu,časopisem
456,řád,řádu,řádu,řád,řáde,řádu,řádem
457,Marie,Marie,Marii,Marii,Marie,Marii,Marií
458,kontakt,kontaktu,kontaktu,kontakt,kontakte,kontaktu,kontaktem
459,pivo,piva,pivu,pivo,pivo,pivu,pivem
460,občan,občana,občanovi,občana,občane,občanovi,občanem
461,růst,růstu,růstu,růst,růste,růstu,růstem
462,šaty,šatů,šatům,šaty,šaty,šatech,šaty
463,riziko,rizika,riziku,riziko,riziko,riziku,rizikem
464,moc,moci,moci,moc,moci,moci,mocí
465,analýza,analýzy,analýze,analýzu,analýzo,analýze,analýzou
466,starosta,starosty,starostovi,starostu,starosto,starostovi,starostou
467,mistr,mistra,mistrovi,mistra,mistře,mistrovi,mistrem
468,mysl,mysli,mysli,mysl,mysli,mysli,myslí
469,stín,stínu,stínu,stín,stíne,stínu,stínem
470,holka,holky,holce,holku,holko,holce,holkou
471,zub,zubu,zubu,zub,zube,zubu,zubem
472,osud,osudu,osudu,osud,osude,osudu,osudem
473,rána,rány,ráně,ránu,ráno,ráně,ránou
474,bota,boty,botě,botu,boto,botě,botou
475,náměstí,náměstí,náměstí,náměstí,náměstí,náměstí,náměstím
476,svoboda,svobody,svobodě,svobodu,svobodo,svobodě,svobodou
477,plyn,plynu,plynu,plyn,plyne,plynu,plynem
478,píseň,písně,písni,píseň,písni,písni,písní
479,král,krále,králi,krále,králi,králi,králem
480,nemoc,nemoci,nemoci,nemoc,nemoci,nemoci,nemocí
481,vstup,vstupu,vstupu,vstup,vstupe,vstupu,vstupem
482,dřevo,dřeva,dřevu,dřevo,dřevo,dřevě,dřevem
483,vlak,vlaku,vlaku,vlak,vlaku,vlaku,vlakem
484,Plzeň,Plzně,Plzni,Plzeň,Plzni,Plzni,Plzní
485,armáda,armády,armádě,armádu,armádo,armádě,armádou
486,útok,útoku,útoku,útok,útoku,útoku,útokem
487,podíl,podílu,podílu,podíl,podíle,podíle,podílem
488,leden,ledna,lednu,leden,ledne,lednu,lednem
489,jaro,jara,jaru,jaro,jaro,jaru,jarem
490,květen,května,květnu,květen,květne,květnu,květnem
491,osobnost,osobnosti,osobnosti,osobnost,osobnosti,osobnosti,osobností
492,hrad,hradu,hradu,hrad,hrade,hradu,hradem
493,vzpomínka,vzpomínky,vzpomínce,vzpomínku,vzpomínko,vzpomínce,vzpomínkou
494,starost,starosti,starosti,starost,starosti,starosti,starostí
495,herec,herce,herci,herce,herče,herci,hercem
496,seznam,seznamu,seznamu,seznam,sezname,seznamu,seznamem
497,restaurace,restaurace,restauraci,restauraci,restaurace,restauraci,restaurací
498,výše,výše,výši,výši,výše,výši,výší
499,fáze,fáze,fázi,fázi,fáze,fázi,fází
500,tvorba,tvorby,tvorbě,tvorbu,tvorbo,tvorbě,tvorbou
501,chodba,chodby,chodbě,chodbu,chodbo,chodbě,chodbou
502,ostrov,ostrova,ostrovu,ostrov,ostrove,ostrově,ostrovem
503,příčina,příčiny,příčině,příčinu,příčino,příčině,příčinou
504,pracovník,pracovníka,pracovníkovi,pracovníka,pracovníku,pracovníkovi,pracovníkem
505,věta,věty,větě,větu,věto,větě,větou
506,tma,tmy,tmě,tmu,tmo,tmě,tmou
507,chlap,chlapa,"chlapovi, chlapu",chlapa,chlape,chlapovi,chlapem
508,složka,složky,složce,složku,složko,složce,složkou
509,účel,účelu,účelu,účel,účele,účelu,účelem
510,čin,činu,činu,čin,čine,činu,činem
511,neděle,neděle,neděli,neděli,neděle,neděli,nedělí
512,literatura,literatury,literatuře,literaturu,literaturo,literatuře,literaturou
513,hladina,hladiny,hladině,hladinu,hladino,hladině,hladinou
514,most,mostu,mostu,most,moste,mostě,mostem
515,nebe,nebe,nebi,nebe,nebe,nebi,nebem
516,oddělení,oddělení,oddělení,oddělení,oddělení,oddělení,oddělením
517,vesnice,vesnice,vesnici,vesnici,vesnice,vesnici,vesnicí
518,sníh,sněhu,sněhu,sníh,sněhu,sněhu,sněhem
519,zámek,zámku,zámku,zámek,zámku,zámku,zámkem
520,židle,židle,židli,židli,židle,židli,židlí
521,oběť,oběti,oběti,oběť,oběti,oběti,obětí
522,dějiny,dějin,dějinám,dějiny,dějiny,dějinách,dějinami
523,nedostatek,nedostatku,nedostatku,nedostatek,nedostatku,nedostatku,nedostatkem
524,Čechy,Čech,Čechám,Čechy,Čechy,Čechách,Čechami
525,profesor,profesora,profesoru,profesora,profesore,profesoru,profesorem
526,červen,června,červnu,červen,červne,červnu,červnem
527,dech,dechu,dechu,dech,dechu,dechu,dechem
528,jízda,jízdy,jízdě,jízdu,jízdo,jízdě,jízdou
529,babička,babičky,babičce,babičku,babičko,babičce,babičkou
530,euro,eura,euru,euro,euro,euru,eurem
531,příjem,příjmu,příjmu,příjem,příjme,příjmu,příjmem
532,přítomnost,přítomnosti,přítomnosti,přítomnost,přítomnosti,přítomnosti,přítomností
533,trest,trestu,trestu,trest,treste,trestu,trestem
534,říjen,října,říjnu,říjen,říjne,říjnu,říjnem
535,test,testu,testu,test,teste,testu,testem
536,koncert,koncertu,koncertu,koncert,koncerte,koncertu,koncertem
537,Amerika,Ameriky,Americe,Ameriku,Ameriko,Americe,Amerikou
538,atmosféra,atmosféry,atmosféře,atmosféru,atmosféro,atmosféře,atmosférou
539,důkaz,důkazu,důkazu,důkaz,důkaze,důkazu,důkazem
540,dlaň,dlaně,dlani,dlaň,dlani,dlani,dlaní
541,sklo,skla,sklu,sklo,sklo,skle,sklem
542,daň,daně,dani,daň,dani,dani,daní
543,deník,deníku,deníku,deník,deníku,deníku,deníkem
544,dráha,dráhy,dráze,dráhu,dráho,dráze,dráhou
545,ryba,ryby,rybě,rybu,rybo,rybě,rybou
546,národ,"národa, národu",národu,národ,národe,"národu, národě",národem
547,knihovna,knihovny,knihovně,knihovnu,knihovno,knihovně,knihovnou
548,orgán,orgánu,orgánu,orgán,orgáne,orgánu,orgánem
549,politik,politika,politiku,politika,politiku,politiku,politikem
550,buňka,buňky,buňce,buňku,buňko,buňce,buňkou
551,komise,komise,komisi,komisi,komise,komisi,komisí
552,spojení,spojení,spojení,spojení,spojení,spojení,spojením
553,přístroj,přístroje,přístroji,přístroj,přístroji,přístroji,přístrojem
554,tradice,tradice,tradici,tradici,tradice,tradici,tradicí
555,díl,dílu,dílu,díl,díle,díle,dílem
556,František,Františka,Františkovi,Františka,Františku,Františkovi,Františkem
557,kapsa,kapsy,kapse,kapsu,kapso,kapse,kapsou
558,novinka,novinky,novinkě,novinku,novinko,novinkě,novinkou
559,pojem,pojmu,pojmu,pojem,pojme,pojmu,pojmem
560,duben,dubna,dubnu,duben,dubne,dubnu,dubnem
561,vítězství,vítězství,vítězství,vítězství,vítězství,vítězství,vítězstvím
562,listopad,listopadu,listopadu,listopad,listopade,listopadu,listopadem
563,březen,března,březnu,březen,březne,březnu,březnem
564,investice,investice,investici,investici,investice,investici,investicí
565,existence,existence,existenci,existenci,existence,existenci,existencí
566,křídlo,křídla,křídlu,křídlo,křídlo,křídle,křídlem
567,výjimka,výjimky,výjimce,výjimku,výjimko,výjimce,výjimkou
568,Rusko,Ruska,Rusku,Rusko,Rusko,Rusku,Ruskem
569,úvaha,úvahy,úvahě,úvahu,úvaho,úvahě,úvahou
570,roh,rohu,rohu,roh,rohu,rohu,rohem
571,vědomí,vědomí,vědomí,vědomí,vědomí,vědomí,vědomím
572,branka,branky,brance,branku,branko,brance,brankou
573,oheň,ohně,ohni,oheň,ohni,ohni,ohněm
574,ráno,rána,ránu,ráno,ráno,ránu,ránem
575,soupeř,soupeře,soupeři,soupeře,soupeři,soupeři,soupeřem
576,varianta,varianty,variantě,variantu,varianto,variantě,variantou
577,poloha,polohy,polohě,polohu,poloho,polohě,polohou
578,srpen,srpna,srpnu,srpen,srpne,srpnu,srpnem
579,festival,festivalu,festivalu,festival,festivale,"festivalu, festivale",festivalem
580,tabulka,tabulky,tabulce,tabulku,tabulko,tabulce,tabulkou
581,rozpočet,rozpočtu,rozpočtu,rozpočet,rozpočte,rozpočtu,rozpočtem
582,obava,obavy,obavě,obavu,obavo,obavě,obavou
583,rozměr,rozměru,rozměru,rozměr,rozměre,rozměru,rozměrem
584,pozemek,pozemku,pozemku,pozemek,pozemku,pozemku,pozemkem
585,výrobek,výrobku,výrobku,výrobek,výrobku,výrobku,výrobkem
586,kombinace,kombinace,kombinaci,kombinaci,kombinace,kombinaci,kombinací
587,alkohol,alkoholu,alkoholu,alkohol,alkohole,alkoholu,alkoholem
588,objem,objemu,objemu,objem,objeme,objemu,objemem
589,kočka,kočky,kočce,kočku,kočko,kočce,kočkou
590,podzim,podzimu,podzimu,podzim,podzime,podzimu,podzimem
591,brána,brány,bráně,bránu,bráno,bráně,bránou
592,koleno,"kolena, kolene",kolenu,koleno,koleno,"kolenu, koleni, koleně",kolenem
593,chvilka,chvilky,chvilkě,chvilku,chvilko,chvilkě,chvilkou
594,víra,víry,víře,víru,víro,víře,vírou
595,víkend,víkendu,víkendu,víkend,víkende,víkendu,víkendem
596,hřiště,hřiště,hřišti,hřiště,hřiště,hřišti,hřištěm
597,kariéra,kariéry,kariéře,kariéru,kariéro,kariéře,kariérou
598,celek,celku,celku,celek,celku,celku,celkem
599,zkouška,zkoušky,zkoušce,zkoušku,zkouško,zkoušce,zkouškou
600,letadlo,letadla,letadlu,letadlo,letadlo,letadlu,letadlem
601,dotace,dotace,dotaci,dotaci,dotace,dotaci,dotací
602,nos,nosu,nosu,nos,nose,nosu,nosem
603,výstavba,výstavby,výstavbě,výstavbu,výstavbo,výstavbě,výstavbou
604,vzdálenost,vzdálenosti,vzdálenosti,vzdálenost,vzdálenosti,vzdálenosti,vzdáleností
605,román,románu,románu,román,románe,románu,románem
606,počasí,počasí,počasí,počasí,počasí,počasí,počasím
607,fanoušek,fanouška,fanoušku,fanouška,fanoušku,fanoušku,fanouškem
608,Francie,Francie,Francii,Francii,Francie,Francii,Francii
609,touha,touhy,touze,touhu,touho,touze,touhou
610,bok,boku,boku,bok,boku,boku,bokem
611,ekonomika,ekonomiky,ekonomikě,ekonomiku,ekonomiko,ekonomikě,ekonomikou
612,lék,léku,léku,lék,léku,léku,lékem
613,teplo,tepla,teplu,teplo,teplo,teple,teplem
614,operace,operace,operaci,operaci,operace,operaci,operací
615,olej,oleje,oleji,olej,oleji,oleji,olejem
616,vědec,vědce,vědci,vědce,vědče,vědci,vědcem
617,vazba,vazby,vazbě,vazbu,vazbo,vazbě,vazbou
618,večeře,večeře,večeři,večeři,večeře,večeři,večeří
619,déšť,deště,dešti,déšť,dešti,dešti,deštěm
620,vůně,vůně,vůni,vůni,vůně,vůni,vůní
621,bezpečnost,bezpečnosti,bezpečnosti,bezpečnost,bezpečnosti,bezpečnosti,bezpečností
622,termín,termínu,termínu,termín,termíne,termínu,termínem
623,fotbal,fotbalu,fotbalu,fotbal,fotbale,"fotbalu, fotbale",fotbalem
624,led,ledu,ledu,led,lede,ledu,ledem
625,postoj,postoje,postoji,postoj,postoji,postoji,postojem
626,tábor,tábora,táboru,tábor,tábore,táboru,táborem
627,Němec,Němce,Němci,Němce,Němče,Němci,Němcem
628,vesmír,vesmíru,vesmíru,vesmír,vesmíre,vesmíru,vesmírem
629,paže,paže,paži,paži,paže,paži,paží
630,břeh,břehu,břehu,břeh,břehu,břehu,břehem
631,tón,tónu,tónu,tón,tóne,tónu,tónem
632,prosinec,prosince,prosinci,prosinec,prosinci,prosinci,prosincem
633,káva,kávy,kávě,kávu,kávo,kávě,kávou
634,agentura,agentury,agentuře,agenturu,agenturo,agentuře,agenturou
635,smích,smíchu,smíchu,smích,smíchu,smíchu,smíchem
636,manažer,manažera,manažeru,manažera,manažere,manažeru,manažerem
637,spotřeba,spotřeby,spotřebě,spotřebu,spotřebo,spotřebě,spotřebou
638,kost,kosti,kosti,kost,kosti,kosti,kostí
639,rekonstrukce,rekonstrukce,rekonstrukci,rekonstrukci,rekonstrukce,rekonstrukci,rekonstrukcí
640,jistota,jistoty,jistotě,jistotu,jistoto,jistotě,jistotou
641,patro,patra,patru,patro,patro,patře,patrem
642,zboží,zboží,zboží,zboží,zboží,zboží,zbožím
643,autobus,autobusu,autobusu,autobus,autobuse,autobusu,autobusem
644,charakter,charakteru,charakteru,charakter,charaktere,charakteru,charakterem
645,léčba,léčby,léčbě,léčbu,léčbo,léčbě,léčbou
646,pád,pádu,pádu,pád,páde,pádu,pádem
647,červenec,července,červenci,červenec,červenci,červenci,červencem
648,vrchol,vrcholu,vrcholu,vrchol,vrchole,vrcholu,vrcholem
649,znalost,znalosti,znalosti,znalost,znalosti,znalosti,znalostí
650,studie,studie,studii,studii,studie,studii,studií
651,církev,církve,církvi,církev,církvi,církvi,církví
652,žádost,žádosti,žádosti,žádost,žádosti,žádosti,žádostí
653,mapa,mapy,mapě,mapu,mapo,mapě,mapou
654,sbírka,sbírky,sbírkě,sbírku,sbírko,sbírkě,sbírkou
655,Londýn,Londýna,Londýnu,Londýn,Londýne,Londýnu,Londýnem
656,účinek,účinku,účinku,účinek,účinku,účinku,účinkem
657,pták,ptáka,ptákovi,ptáka,ptáku,ptákovi,ptákem
658,hmota,hmoty,hmotě,hmotu,hmoto,hmotě,hmotou
659,postavení,postavení,postavení,postavení,postavení,postavení,postavením
660,východ,východu,východu,východ,východe,východu,východem
661,zisk,zisku,zisku,zisk,zisku,zisku,ziskem
662,znak,znaku,znaku,znak,znaku,znaku,znakem
663,únor,února,únoru,únor,únore,únoru,únorem
664,vůle,vůle,vůli,vůli,vůle,vůli,vůlí
665,účastník,účastníka,účastníkovi,účastníka,účastníku,účastníkovi,účastníkem
666,Ostrava,Ostravy,Ostravě,Ostravu,Ostravo,Ostravě,Ostravou
667,částka,částky,částce,částku,částko,částce,částkou
668,dohoda,dohody,dohodě,dohodu,dohodo,dohodě,dohodou
669,instituce,instituce,instituci,instituci,instituce,instituci,institucí
670,adresa,adresy,adrese,adresu,adreso,adrese,adresou
671,nálada,nálady,náladě,náladu,nálado,náladě,náladou
672,oprava,opravy,opravě,opravu,opravo,opravě,opravou
673,vteřina,vteřiny,vteřině,vteřinu,vteřino,vteřině,vteřinou
674,pátek,pátku,pátku,pátek,pátku,pátku,pátkem
675,obvod,obvodu,obvodu,obvod,obvode,obvodu,obvodem
676,západ,západu,západu,západ,západe,západu,západem
677,účet,účtu,účtu,účet,účte,účtu,účtem
678,zakázka,zakázky,zakázkě,zakázku,zakázko,zakázkě,zakázkou
679,vězení,vězení,vězení,vězení,vězení,vězení,vězením
680,kruh,kruhu,kruhu,kruh,kruhu,kruhu,kruhem
681,Eva,Evy,Evě,Evu,Evo,Evě,Evou
682,spor,sporu,sporu,spor,spore,sporu,sporem
683,svaz,svazu,svazu,svaz,svaze,svazu,svazem
684,hodnocení,hodnocení,hodnocení,hodnocení,hodnocení,hodnocení,hodnocením
685,odpor,odporu,odporu,odpor,odpore,odporu,odporem
686,krása,krásy,kráse,krásu,kráso,kráse,krásou
687,Morava,Moravy,Moravě,Moravu,Moravo,Moravě,Moravou
688,produkce,produkce,produkci,produkci,produkce,produkci,produkcí
689,mléko,mléka,mléku,mléko,mléko,mléce,mlékem
690,lokalita,lokality,lokalitě,lokalitu,lokalito,lokalitě,lokalitou
691,oblečení,oblečení,oblečení,oblečení,oblečení,oblečení,oblečením
692,průmysl,průmyslu,průmyslu,průmysl,průmysle,průmyslu,průmyslem
693,finance,finance,financi,financi,finance,financi,financí
694,poměr,poměru,poměru,poměr,poměre,poměru,poměrem
695,kapitán,kapitána,kapitánovi,kapitána,kapitáne,kapitánovi,kapitánem
696,odchod,odchodu,odchodu,odchod,odchode,odchodu,odchodem
697,poznámka,poznámky,poznámce,poznámku,poznámko,poznámce,poznámkou
698,unie,unie,unii,unii,unie,unii,unií
699,režisér,režiséra,režiséru,režiséra,režisére,režiséru,režisérem
700,slza,slzy,slze,slzu,slzo,slze,slzou
701,série,série,sérii,sérii,série,sérii,sérií
702,křeslo,křesla,křeslu,křeslo,křeslo,křesle,křeslem
703,výchova,výchovy,výchově,výchovu,výchovo,výchově,výchovou
704,tráva,trávy,trávě,trávu,trávo,trávě,trávou
705,ticho,ticha,tichu,ticho,ticho,tichu,tichem
706,domácnost,domácnosti,domácnosti,domácnost,domácnosti,domácnosti,domácností
707,hala,haly,hale,halu,halo,hale,halou
708,nehoda,nehody,nehodě,nehodu,nehodo,nehodě,nehodou
709,tlačítko,tlačítka,tlačítku,tlačítko,tlačítko,tlačítku,tlačítkem
710,nárok,nároku,nároku,nárok,nároku,nároku,nárokem
711,pozor,pozoru,pozoru,pozor,pozore,pozoru,pozorem
712,dno,dna,dnu,dno,dno,dně,dnem
713,radnice,radnice,radnici,radnici,radnice,radnici,radnicí
714,hmotnost,hmotnosti,hmotnosti,hmotnost,hmotnosti,hmotnosti,hmotností
715,hnutí,hnutí,hnutí,hnutí,hnutí,hnutí,hnutím
716,kapela,kapely,kapele,kapelu,kapelo,kapele,kapelou
717,sál,sálu,sálu,sál,sále,"sálu, sále",sálem
718,potravina,potraviny,potravině,potravinu,potravino,potravině,potravinou
719,detail,detailu,detailu,detail,detaile,detailu,detailem
720,trať,trati,trati,trať,trati,trati,tratí
721,fakulta,fakulty,fakultě,fakultu,fakulto,fakultě,fakultou
722,kapacita,kapacity,kapacitě,kapacitu,kapacito,kapacitě,kapacitou
723,přání,přání,přání,přání,přání,přání,přáním
724,umělec,umělce,umělci,umělce,umělče,umělci,umělcem
725,zlato,zlata,zlatu,zlato,zlato,zlatu,zlatem
726,mladík,mladíka,mladíkovi,mladíka,mladíku,mladíkovi,mladíkem
727,knížka,knížky,knížkě,knížku,knížko,knížkě,knížkou
728,spánek,spánku,spánku,spánek,spánku,spánku,spánkem
729,realita,reality,realitě,realitu,realito,realitě,realitou
730,květ,květu,květu,květ,květe,květu,květem
731,vina,viny,vině,vinu,vino,vině,vinou
732,čaj,čaje,čaji,čaj,čaji,čaji,čajem
733,signál,signálu,signálu,signál,signále,signále,signálem
734,fotka,fotky,fotce,fotku,fotko,fotce,fotkou
735,zásada,zásady,zásadě,zásadu,zásado,zásadě,zásadou
736,novinář,novináře,novináři,novináře,novináři,novináři,novinářem
737,populace,populace,populaci,populaci,populace,populaci,populací
738,obrana,obrany,obraně,obranu,obrano,obraně,obranou
739,cukr,cukru,cukru,cukr,cukre,cukru,cukrem
740,dvůr,dvoru,dvoru,dvůr,dvore,dvoře,dvorem
741,Anna,Anny,Anně,Annu,Anno,Anně,Annou
742,hrdina,hrdiny,hrdinovi,hrdinu,hrdino,hrdinovi,hrdinou
743,premiér,premiéra,premiérovi,premiéra,premiére,premiérovi,premiérem
744,jádro,jádra,jádru,jádro,jádro,jádru,jádrem
745,vzor,vzoru,vzoru,vzor,vzore,vzoru,vzorem
746,dovolená,dovolené,dovolené,dovolenou,dovolená,dovolené,dovolenou
747,soustava,soustavy,soustavě,soustavu,soustavo,soustavě,soustavou
748,věž,věže,věži,věž,věži,věži,věží
749,slečna,slečny,slečně,slečnu,slečno,slečně,slečnou
750,norma,normy,normě,normu,normo,normě,normou
751,nebezpečí,nebezpečí,nebezpečí,nebezpečí,nebezpečí,nebezpečí,nebezpečím
752,rovnice,rovnice,rovnici,rovnici,rovnice,rovnici,rovnicí
753,památka,památky,památce,památku,památko,památce,památkou
754,turnaj,turnaje,turnaji,turnaj,turnaji,turnaji,turnajem
755,povaha,povahy,povaze,povahu,povaho,povaze,povahou
756,jev,jevu,jevu,jev,jeve,jevu,jevem
757,následek,následku,následku,následek,následku,následku,následkem
758,větev,větve,větvi,větev,větvi,větvi,větví
759,přednost,přednosti,přednosti,přednost,přednosti,přednosti,předností
760,Vánoce,Vánoc,Vánocům,Vánoce,Vánoce,Vánocích,Vánocemi
761,mobil,mobilu,mobilu,mobil,mobile,mobilu,mobilem
762,cigareta,cigarety,cigaretě,cigaretu,cigareto,cigaretě,cigaretou
763,spisovatel,spisovatele,spisovatelovi,spisovatele,spisovateli,spisovatelovi,spisovatelem
764,sůl,soli,soli,sůl,soli,soli,solí
765,strategie,strategie,strategii,strategii,strategie,strategii,strategií
766,linka,linky,lince,linku,linko,lince,linkou
767,blok,bloku,bloku,blok,bloku,bloku,blokem
768,kamera,kamery,kameře,kameru,kamero,kameře,kamerou
769,Olomouc,Olomouce,Olomouci,Olomouc,Olomouci,Olomouci,Olomoucí
770,Čína,Číny,Číně,Čínu,Číno,Číně,Čínou
771,dáma,dámy,dámě,dámu,dámo,dámě,dámou
772,Slovensko,Slovenska,Slovensku,Slovensko,Slovensko,Slovensku,Slovenskem
773,pár,páru,páru,pár,páre,páru,párem
774,design,designu,designu,design,designe,designu,designem
775,diskuse,diskuse,diskusi,diskusi,diskuse,diskusi,diskusí
776,soused,souseda,sousedu,souseda,sousede,sousedu,sousedem
777,klíč,klíče,klíči,klíč,klíči,klíči,klíčem
778,tajemství,tajemství,tajemství,tajemství,tajemství,tajemství,tajemstvím
779,dávka,dávky,dávkě,dávku,dávko,dávkě,dávkou
780,trasa,trasy,trasě,trasu,traso,trasě,trasou
781,kopec,kopce,kopci,kopec,kopci,kopci,kopcem
782,závislost,závislosti,závislosti,závislost,závislosti,závislosti,závislostí
783,nepřítel,nepřítele,nepříteli,nepřítele,nepříteli,nepříteli,nepřítelem
784,seriál,seriálu,seriálu,seriál,seriále,"seriálu, seriále",seriálem
785,částice,částice,částici,částici,částice,částici,částicí
786,onemocnění,onemocnění,onemocnění,onemocnění,onemocnění,onemocnění,onemocněním
787,díra,díry,díře,díru,díro,díře,dírou
788,váha,váhy,váze,váhu,váho,váze,váhou
789,břicho,břicha,břichu,břicho,břicho,břichu,břichem
790,komora,komory,komoře,komoru,komoro,komoře,komorou
791,sbor,sboru,sboru,sbor,sbore,sboru,sborem
792,symbol,symbolu,symbolu,symbol,symbole,symbolu,symbolem
793,Afrika,Afriky,Africe,Afriku,Afriko,Africe,Afrikou
794,planeta,planety,planetě,planetu,planeto,planetě,planetou
795,nábytek,nábytku,nábytku,nábytek,nábytku,nábytku,nábytkem
796,architekt,architekta,architektu,architekta,architekte,architektu,architektem
797,výzva,výzvy,výzvě,výzvu,výzvo,výzvě,výzvou
798,skladba,skladby,skladbě,skladbu,skladbo,skladbě,skladbou
799,záměr,záměru,záměru,záměr,záměre,záměru,záměrem
800,vzdělání,vzdělání,vzdělání,vzdělání,vzdělání,vzdělání,vzděláním
801,košile,košile,košili,košili,košile,košili,košilí
802,realizace,realizace,realizaci,realizaci,realizace,realizaci,realizací
803,výměna,výměny,výměně,výměnu,výměno,výměně,výměnou
804,prach,prachu,prachu,prach,prachu,prachu,prachem
805,interiér,interiéru,interiéru,interiér,interiére,interiéru,interiérem
806,údolí,údolí,údolí,údolí,údolí,údolí,údolím
807,špička,špičky,špičce,špičku,špičko,špičce,špičkou
808,odpad,odpadu,odpadu,odpad,odpade,odpadu,odpadem
809,přechod,přechodu,přechodu,přechod,přechode,přechodu,přechodem
810,strop,stropu,stropu,strop,strope,stropě,stropem
811,skála,skály,skále,skálu,skálo,skále,skálou
812,vražda,vraždy,vraždě,vraždu,vraždo,vraždě,vraždou
813,poslanec,poslance,poslanci,poslance,poslanče,poslanci,poslancem
814,jezero,jezera,jezeru,jezero,jezero,jezeře,jezerem
815,podnikatel,podnikatele,podnikatelovi,podnikatele,podnikateli,podnikatelovi,podnikatelem
816,míč,míče,míči,míč,míči,míči,míčem
817,zrcadlo,zrcadla,zrcadlu,zrcadlo,zrcadlo,zrcadle,zrcadlem
818,elektřina,elektřiny,elektřině,elektřinu,elektřino,elektřině,elektřinou
819,hrůza,hrůzy,hrůze,hrůzu,hrůzo,hrůze,hrůzou
820,lístek,lístku,lístku,lístek,lístku,lístku,lístkem
821,střed,středu,středu,střed,střede,středu,středem
822,konference,konference,konferenci,konferenci,konference,konferenci,konferencí
823,svědek,svědka,svědkovi,svědka,svědku,svědkovi,svědkem
824,nůž,nože,noži,nůž,noži,noži,nožem
825,Paříž,Paříže,Paříži,Paříž,Paříž,Paříži,Paříží
826,gen,genu,genu,gen,gene,genu,genem
827,oběd,oběda,obědu,oběd,oběde,obědě,obědem
828,porucha,poruchy,poruše,poruchu,porucho,poruše,poruchou
829,organismus,organismu,organismu,organismus,organisme,organismu,organismem
830,dvojice,dvojice,dvojici,dvojici,dvojice,dvojici,dvojicí
831,houba,houby,houbě,houbu,houbo,houbě,houbou
832,koupelna,koupelny,koupelně,koupelnu,koupelno,koupelně,koupelnou
833,dluh,dluhu,dluhu,dluh,dluhu,dluhu,dluhem
834,chléb,chleba,chlebu,chléb,chlebe,chlebu,chlebem
835,zranění,zranění,zranění,zranění,zranění,zranění,zraněním
836,kino,kina,kinu,kino,kino,kině,kinem
837,zábava,zábavy,zábavě,zábavu,zábavo,zábavě,zábavou
838,manželství,manželství,manželství,manželství,manželství,manželství,manželstvím
839,obrazovka,obrazovky,obrazovce,obrazovku,obrazovko,obrazovce,obrazovkou
840,dárek,dárku,dárku,dárek,dárku,dárku,dárkem
841,překvapení,překvapení,překvapení,překvapení,překvapení,překvapení,překvapením
842,a,y,ě,u,o,ě,ou
843,kalhoty,kalhot,kalhotám,kalhoty,kalhoty,kalhotách,kalhotami
844,směs,směsi,směsi,směs,směsi,směsi,směsí
845,galerie,galerie,galerii,galerii,galerie,galerii,galerií
846,ložnice,ložnice,ložnici,ložnici,ložnice,ložnici,ložnicí
847,kov,kovu,kovu,kov,kove,kovu,kovem
848,obloha,oblohy,oblohě,oblohu,obloho,oblohě,oblohou
849,úředník,úředníka,úředníku,úředníka,úředníku,úředníku,úředníkem
850,zóna,zóny,zóně,zónu,zóno,zóně,zónou
851,pramen,"pramene, pramenu",pramenu,pramen,pramene,pramenu,pramenem
852,Polsko,Polska,Polsku,Polsko,Polsko,Polsku,Polskem
853,rys,rysa,rysu,rysa,ryse,rysu,rysem
854,letiště,letiště,letišti,letiště,letiště,letišti,letištěm
855,úspora,úspory,úsporě,úsporu,úsporo,úsporě,úsporou
856,investor,investora,investoru,investora,investore,investoru,investorem
857,oslava,oslavy,oslavě,oslavu,oslavo,oslavě,oslavou
858,odpovědnost,odpovědnosti,odpovědnosti,odpovědnost,odpovědnosti,odpovědnosti,odpovědností
859,kampaň,kampaně,kampani,kampaň,kampani,kampani,kampaní
860,okruh,okruhu,okruhu,okruh,okruhu,okruhu,okruhem
861,zájemce,zájemce,zájemci,zájemci,zájemce,zájemci,zájemcí
862,Sparta,Sparty,Spartě,Spartu,Sparto,Spartě,Spartou
863,vzhled,vzhledu,vzhledu,vzhled,vzhlede,vzhledu,vzhledem
864,automobil,automobilu,automobilu,automobil,automobile,automobilu,automobilem
865,turista,turisty,turistovi,turistu,turisto,turistovi,turistou
866,mistrovství,mistrovství,mistrovství,mistrovství,mistrovství,mistrovství,mistrovstvím
867,taška,tašky,tašce,tašku,taško,tašce,taškou
868,bar,baru,baru,bar,bare,baru,barem
869,disk,disku,disku,disk,disku,disku,diskem
870,pondělí,pondělí,pondělí,pondělí,pondělí,pondělí,pondělím
871,tatínk,tatínka,tatínkovi,tatínka,tatínku,tatínkovi,tatínkem
872,schůzka,schůzky,schůzkě,schůzku,schůzko,schůzkě,schůzkou
873,kořen,"kořene, kořenu","kořeni, kořenu",kořen,kořeni,"kořeni, kořenu",kořenem
874,fotbalista,fotbalisty,fotbalistě,fotbalistu,fotbalisto,fotbalistě,fotbalistou
875,jih,jihu,jihu,jih,jihu,jihu,jihem
876,elektrárna,elektrárny,elektrárně,elektrárnu,elektrárno,elektrárně,elektrárnou
877,písek,písku,písku,písek,písku,písku,pískem
878,finále,finále,fináli,fináli,finále,fináli,finálí
879,tisk,tisku,tisku,tisk,tisku,tisku,tiskem
880,rod,rodu,rodu,rod,rode,rodu,rodem
881,kmen,"kmene, kmenu","kmenu, kmeni",kmen,kmene,"kmenu, kmeni",kmenem
882,Itálie,Itálie,Itálii,Itálii,Itálie,Itálii,Itálii
883,sever,severu,severu,sever,severe,severu,severem
884,úloha,úlohy,úloze,úlohu,úloho,úloze,úlohou
885,dálnice,dálnice,dálnici,dálnici,dálnice,dálnici,dálnicí
886,soudce,soudce,soudci,soudce,soudce,soudci,soudcem
887,rovina,roviny,rovině,rovinu,rovino,rovině,rovinou
888,hasič,hasiče,hasičovi,hasiče,hasiči,hasičovi,hasičem
889,revoluce,revoluce,revoluci,revoluci,revoluce,revoluci,revolucí
890,nastavení,nastavení,nastavení,nastavení,nastavení,nastavení,nastavením
891,linie,linie,linii,linii,linie,linii,linií
892,kritika,kritiky,kritice,kritiku,kritiko,kritice,kritikou
893,pojišťovna,pojišťovny,pojišťovně,pojišťovnu,pojišťovno,pojišťovně,pojišťovnou
894,výhra,výhry,výhrě,výhru,výhro,výhrě,výhrou
895,plod,plodu,plodu,plod,plode,plodu,plodem
896,nádraží,nádraží,nádraží,nádraží,nádraží,nádraží,nádražím
897,jeskyně,jeskyně,jeskyni,jeskyni,jeskyně,jeskyni,jeskyní
898,předpis,předpisu,předpisu,předpis,předpise,předpisu,předpisem
899,vybavení,vybavení,vybavení,vybavení,vybavení,vybavení,vybavením
900,vzorek,vzorku,vzorku,vzorek,vzorku,vzorku,vzorkem
901,kamarádka,kamarádky,kamarádce,kamarádku,kamarádko,kamarádce,kamarádkou
902,středa,středy,středě,středu,středo,středě,středou
903,centimetr,centimetru,centimetru,centimetr,centimetre,centimetru,centimetrem
904,sex,sexu,sexu,sex,sexe,sexu,sexem
905,svatba,svatby,svatbě,svatbu,svatbo,svatbě,svatbou
906,hrob,hrobu,hrobu,hrob,hrobe,hrobu,hrobem
907,úhel,úhlu,úhlu,úhel,úhle,úhlu,úhlem
908,choroba,choroby,chorobě,chorobu,chorobo,chorobě,chorobou
909,e,e,i,i,e,i,í
910,důvěra,důvěry,důvěře,důvěru,důvěro,důvěře,důvěrou
911,blízkost,blízkosti,blízkosti,blízkost,blízkosti,blízkosti,blízkostí
912,start,startu,startu,start,starte,startu,startem
913,výstup,výstupu,výstupu,výstup,výstupe,výstupu,výstupem
914,Anglie,Anglie,Anglii,Anglii,Anglie,Anglii,Anglií
915,problematika,problematiky,problematikě,problematiku,problematiko,problematikě,problematikou
916,dav,davu,davu,dav,dave,davu,davem
917,sklenice,sklenice,sklenici,sklenici,sklenice,sklenici,sklenicí
918,kanál,kanálu,kanálu,kanál,kanále,kanále,kanálem
919,Američan,Američana,Američanovi,Američana,Američane,Američanovi,Američanem
920,ovoce,ovoce,ovoci,ovoce,ovoce,ovoci,ovocem
921,rozum,rozumu,rozumu,rozum,rozume,rozumu,rozumem
922,charakteristika,charakteristiky,charakteristikě,charakteristiku,charakteristiko,charakteristikě,charakteristikou
923,fronta,fronty,frontě,frontu,fronto,frontě,frontou
924,herečka,herečky,herečce,herečku,herečko,herečce,herečkou
925,kandidát,kandidáta,kandidátu,kandidáta,kandidáte,kandidátu,kandidátem
926,cizinec,cizince,cizinci,cizince,cizinče,cizinci,cizincem
927,zvyk,zvyku,zvyku,zvyk,zvyku,zvyku,zvykem
928,sval,svalu,svalu,sval,svale,svalu,svalem
929,dodavatel,dodavatele,dodavateli,dodavatele,dodavateli,dodavateli,dodavatelem
930,bazén,bazénu,bazénu,bazén,bazéne,bazénu,bazénem
931,říše,říše,říši,říši,říše,říši,říší
932,reklama,reklamy,reklamě,reklamu,reklamo,reklamě,reklamou
933,konflikt,konfliktu,konfliktu,konflikt,konflikte,konfliktu,konfliktem
934,dodávka,dodávky,dodávce,dodávku,dodávko,dodávce,dodávkou
935,zelenina,zeleniny,zelenině,zeleninu,zelenino,zelenině,zeleninou
936,Británie,Británie,Británii,Británii,Británie,Británii,Británií
937,konkurence,konkurence,konkurenci,konkurenci,konkurence,konkurenci,konkurencí
938,známka,známky,známce,známku,známko,známce,známkou
939,pusa,pusy,puse,pusu,puso,puse,pusou
940,pohoda,pohody,pohodě,pohodu,pohodo,pohodě,pohodou
941,emoce,emoce,emoci,emoci,emoce,emoci,emocí
942,vejce,vejce,vejci,vejce,vejce,vejci,vejcem
943,vedoucí,vedoucího,vedoucímu,vedoucího,vedoucí,vedoucím,vedoucím
944,zaměstnání,zaměstnání,zaměstnání,zaměstnání,zaměstnání,zaměstnání,zaměstnáním
945,Jana,Jany,Janě,Janu,Jano,Janě,Janou
946,odměna,odměny,odměně,odměnu,odměno,odměně,odměnou
947,panel,panelu,panelu,panel,panele,panelu,panelem
948,potenciál,potenciálu,potenciálu,potenciál,potenciále,"potenciálu, potenciále",potenciálem
949,brýle,brýlí,brýlím,brýle,brýle,brýlích,brýlemi
950,výlet,výletu,výletu,výlet,výlete,výletu,výletem
951,dálka,dálky,dálkě,dálku,dálko,dálkě,dálkou
952,květina,květiny,květině,květinu,květino,květině,květinou
953,skříň,skříně,skříni,skříň,skříni,skříni,skříní
954,socha,sochy,soše,sochu,socho,soše,sochou
955,plat,platu,platu,plat,plate,platu,platem
956,sezóna,sezóny,sezóně,sezónu,sezóno,sezóně,sezónou
957,hloubka,hloubky,hloubce,hloubku,hloubko,hloubce,hloubkou
958,láhev,láhve,láhvi,láhev,láhev,láhvi,láhví
959,stolek,stolku,stolku,stolek,stolku,stolku,stolkem
960,cyklus,cyklu,cyklu,cyklus,cykle,cyklu,cyklem
961,parlament,parlamentu,parlamentu,parlament,parlamente,parlamentu,parlamentem
962,tok,toku,toku,tok,toku,toku,tokem
963,redakce,redakce,redakci,redakci,redakce,redakci,redakcí
964,zrak,zraku,zraku,zrak,zraku,zraku,zrakem
965,bitva,bitvy,bitvě,bitvu,bitvo,bitvě,bitvou
966,hospoda,hospody,hospodě,hospodu,hospodo,hospodě,hospodou
967,reforma,reformy,reformě,reformu,reformo,reformě,reformou
968,pás,pásu,pásu,pás,páse,pásu,pásem
969,nemovitost,nemovitosti,nemovitosti,nemovitost,nemovitosti,nemovitosti,nemovitostí
970,kněz,kněze,knězi,kněze,knězi,knězi,knězem
971,dostatek,dostatku,dostatku,dostatek,dostatku,dostatku,dostatkem
972,Jihlava,Jihlavy,Jihlavě,Jihlavu,Jihlavo,Jihlavě,Jihlavou
973,dar,daru,daru,dar,dare,daru,darem
974,násilí,násilí,násilí,násilí,násilí,násilí,násilím
975,pohádka,pohádky,pohádce,pohádku,pohádko,pohádce,pohádkou
976,prohlídka,prohlídky,prohlídkě,prohlídku,prohlídko,prohlídkě,prohlídkou
977,čtvrtek,čtvrtka,čtvrtku,čtvrtek,čtvrtku,čtvrtku,čtvrtkem
978,domek,domku,domku,domek,domku,domku,domkem
979,architektura,architektury,architektuře,architekturu,architekturo,architektuře,architekturou
980,hromada,hromady,hromadě,hromadu,hromado,hromadě,hromadou
981,zázrak,zázraku,zázraku,zázrak,zázraku,zázraku,zázrakem
982,běh,běhu,běhu,běh,běhu,běhu,během
983,básník,básníka,básníku,básníka,básníku,básníku,básníkem
984,přítelkyně,přítelkyně,přítelkyni,přítelkyni,přítelkyně,přítelkyni,přítelkyní
985,scénář,scénáře,scénáři,scénář,scénáři,scénáři,scénářem
986,příchod,příchodu,příchodu,příchod,příchode,příchodu,příchodem
987,palác,paláce,paláci,palác,paláci,paláci,palácem
988,zásoba,zásoby,zásobě,zásobu,zásobo,zásobě,zásobou
989,tunel,tunelu,tunelu,tunel,tunele,tunelu,tunelem
990,plášť,pláště,plášti,plášť,plášti,plášti,pláštěm
991,Adam,Adama,Adamovi,Adama,Adame,Adamovi,Adamem
992,pobřeží,pobřeží,pobřeží,pobřeží,pobřeží,pobřeží,pobřežím
993,sedadlo,sedadla,sedadlu,sedadlo,sedadlo,sedadlu,sedadlem
994,pas,pasu,pasu,pas,pase,pasu,pasem
995,premiéra,premiéry,premiéře,premiéru,premiéro,premiéře,premiérou
996,odvaha,odvahy,odvaze,odvahu,odvaho,odvaze,odvahou
997,pověst,pověsti,pověsti,pověst,pověsti,pověsti,pověstí
998,osa,osy,osě,osu,oso,osě,osou
999,souboj,souboje,souboji,souboj,souboji,souboji,soubojem
1000,doklad,dokladu,dokladu,doklad,doklade,dokladu,dokladem
1001,báseň,básně,básni,báseň,básni,básni,básní
1002,Berlín,Berlína,Berlínu,Berlín,Berlíne,Berlínu,Berlínem
1003,zločin,zločinu,zločinu,zločin,zločine,zločinu,zločinem
1004,myšlení,myšlení,myšlení,myšlení,myšlení,myšlení,myšlením
1005,pláž,pláže,pláži,pláž,pláži,pláži,pláží
1006,chodník,chodníku,chodníku,chodník,chodníku,chodníku,chodníkem
1007,prsa,prsy,prsě,prsu,prso,prsě,prsou
1008,komunista,komunisty,komunistě,komunistu,komunisto,komunistě,komunistou
1009,holčička,holčičky,holčičkě,holčičku,holčičko,holčičkě,holčičkou
1010,tip,tipu,tipu,tip,tipe,tipu,tipem
1011,droga,drogy,droze,drogu,drogo,droze,drogou
1012,hovor,hovoru,hovoru,hovor,hovore,hovoru,hovorem
1013,pohár,poháru,poháru,pohár,poháre,poháru,pohárem
1014,lid,lidu,lidu,lid,lide,lidu,lidem
1015,překážka,překážky,překážce,překážku,překážko,překážce,překážkou
1016,vchod,vchodu,vchodu,vchod,vchode,vchodu,vchodem
1017,dědeček,dědečka,dědečku,dědečka,dědečku,dědečku,dědečkem
1018,mužstvo,mužstva,mužstvu,mužstvo,mužstvo,mužstvu,mužstvem
1019,cit,citu,citu,cit,cite,citu,citem
1020,příslušník,příslušníka,příslušníkovi,příslušníka,příslušníku,příslušníkovi,příslušníkem
1021,demokracie,demokracie,demokracii,demokracii,demokracie,demokracii,demokracií
1022,psaní,psaní,psaní,psaní,psaní,psaní,psaním
1023,Rakousko,Rakouska,Rakousku,Rakousko,Rakousko,Rakousku,Rakouskem
1024,svazek,svazku,svazku,svazek,svazku,svazku,svazkem
1025,hlad,hladu,hladu,hlad,hlade,hladu,hladem
1026,teta,tety,tetě,tetu,teto,tetě,tetou
1027,kříž,kříže,kříži,kříž,kříži,kříži,křížem
1028,maska,masky,masce,masku,masko,masce,maskou
1029,zákaz,zákazu,zákazu,zákaz,zákaze,zákazu,zákazem
1030,hřbitov,hřbitova,hřbitovu,hřbitov,hřbitove,hřbitově,hřbitovem
1031,těleso,tělesa,tělesu,těleso,těleso,tělesu,tělesem
1032,pošta,pošty,poště,poštu,pošto,poště,poštou
1033,talíř,talíře,talíři,talíř,talíři,talíři,talířem
1034,sestava,sestavy,sestavě,sestavu,sestavo,sestavě,sestavou
1035,cestující,cestujícího,cestujícímu,cestujícího,cestující,cestujícím,cestujícím
1036,krabice,krabice,krabici,krabici,krabice,krabici,krabicí
1037,děvče,děvčete,děvčeti,děvče,děvče,děvčeti,děvčetem
1038,schodiště,schodiště,schodišti,schodiště,schodiště,schodišti,schodištěm
1039,kabát,kabátu,kabátu,kabát,kabáte,kabátu,kabátem
1040,mír,míru,míru,mír,míre,míru,mírem
1041,heslo,hesla,heslu,heslo,heslo,heslu,heslem
1042,nápis,nápisu,nápisu,nápis,nápise,nápisu,nápisem
1043,výpověď,výpovědi,výpovědi,výpověď,výpovědi,výpovědi,výpovědí
1044,dílna,dílny,dílně,dílnu,dílno,dílně,dílnou
1045,let,letu,letu,let,lete,letu,letem
1046,hluk,hluku,hluku,hluk,hluku,hluku,hlukem
1047,kout,kouta,koutu,kout,koute,koutě,koutem
1048,nástup,nástupu,nástupu,nástup,nástupe,nástupu,nástupem
1049,výuka,výuky,výukě,výuku,výuko,výukě,výukou
1050,koberec,koberce,koberci,koberec,koberci,koberci,kobercem
1051,kavárna,kavárny,kavárně,kavárnu,kavárno,kavárně,kavárnou
1052,nález,nálezu,nálezu,nález,náleze,nálezu,nálezem
1053,obchodník,obchodníka,obchodníku,obchodníka,obchodníku,obchodníku,obchodníkem
1054,královna,královny,královně,královnu,královno,královně,královnou
1055,právník,právníka,právníku,právníka,právníku,právníku,právníkem
1056,Slavia,Slaviy,Slaviě,Slaviu,Slavio,Slaviě,Slaviou
1057,tuna,tuny,tuně,tunu,tuno,tuně,tunou
1058,plot,plotu,plotu,plot,plote,plotu,plotem
1059,písnička,písničky,písničce,písničku,písničko,písničce,písničkou
1060,akademie,akademie,akademii,akademii,akademie,akademii,akademií
1061,rádio,rádia,rádiu,rádio,rádio,rádiu,rádiem
1062,soulad,souladu,souladu,soulad,soulade,souladu,souladem
1063,litr,litru,litru,litr,litre,litru,litrem
1064,zaměstnavatel,zaměstnavatele,zaměstnavatelovi,zaměstnavatele,zaměstnavateli,zaměstnavatelovi,zaměstnavatelem
1065,kyselina,kyseliny,kyselině,kyselinu,kyselino,kyselině,kyselinou
1066,družstvo,družstva,družstvu,družstvo,družstvo,družstvu,družstvem
1067,tanec,tance,tanci,tanec,tanci,tanci,tancem
1068,čtvrt,čtvrtě,čtvrti,čtvrt,čtvrti,čtvrti,čtvrtí
1069,otvor,otvoru,otvoru,otvor,otvore,otvoru,otvorem
1070,zloděj,zloděje,zloději,zloděje,zloději,zloději,zlodějem
1071,akcie,akcie,akcii,akcii,akcie,akcii,akcií
1072,generál,generála,generálu,generála,generále,generálu,generálem
1073,palivo,paliva,palivu,palivo,palivo,palivu,palivem
1074,souhlas,souhlasu,souhlasu,souhlas,souhlase,souhlase,souhlasem
1075,žaludek,žaludku,žaludku,žaludek,žaludku,žaludku,žaludkem
1076,sněmovna,sněmovny,sněmovně,sněmovnu,sněmovno,sněmovně,sněmovnou
1077,album,alba,albu,album,album,albu,albem
1078,reprezentace,reprezentace,reprezentaci,reprezentaci,reprezentace,reprezentaci,reprezentací
1079,lžíce,lžíce,lžíci,lžíci,lžíce,lžíci,lžící
1080,terasa,terasy,terase,terasu,teraso,terase,terasou
1081,Řím,Říma,Římu,Řím,Říme,Římě,Římem
1082,pauza,pauzy,pauzě,pauzu,pauzo,pauzě,pauzou
1083,sláva,slávy,slávě,slávu,slávo,slávě,slávou
1084,brambora,brambory,bramboře,bramboru,bramboro,bramboře,bramborou
1085,narozeniny,narozenin,narozeninám,narozeniny,narozeniny,narozeninách,narozeninami
1086,úmysl,úmyslu,úmyslu,úmysl,úmysle,úmyslu,úmyslem
1087,etapa,etapy,etapě,etapu,etapo,etapě,etapou
1088,Ondřej,Ondřeje,Ondřejovi,Ondřeje,Ondřeji,Ondřejovi,Ondřejem
1089,přednáška,přednášky,přednáškě,přednášku,přednáško,přednáškě,přednáškou
1090,pojištění,pojištění,pojištění,pojištění,pojištění,pojištění,pojištěním
1091,písmeno,písmena,písmenu,písmeno,písmeno,písmeně,písmenem
1092,svědomí,svědomí,svědomí,svědomí,svědomí,svědomí,svědomím
1093,klobouk,klobouku,klobouku,klobouk,klobouku,klobouku,kloboukem
1094,klášter,klášteru,klášteru,klášter,kláštere,klášteře,klášterem
1095,pruh,pruhu,pruhu,pruh,pruhu,pruhu,pruhem
1096,příbuzný,příbuzného,příbuznému,příbuzného,příbuzný,příbuzném,příbuzným
1097,požár,požáru,požáru,požár,požáre,požáru,požárem
1098,medaile,medaile,medaili,medaili,medaile,medaili,medailí
1099,kapka,kapky,kapce,kapku,kapko,kapce,kapkou
1100,kresba,kresby,kresbě,kresbu,kresbo,kresbě,kresbou
1101,výklad,výkladu,výkladu,výklad,výklade,výkladě,výkladem
1102,důstojník,důstojníka,důstojníkovi,důstojníka,důstojníku,důstojníkovi,důstojníkem
1103,tuk,tuku,tuku,tuk,tuku,tuku,tukem
1104,kolej,koleje,koleji,kolej,koleji,koleji,kolejí
1105,náhoda,náhody,náhodě,náhodu,náhodo,náhodě,náhodou
1106,údržba,údržby,údržbě,údržbu,údržbo,údržbě,údržbou
1107,rovnováha,rovnováhy,rovnováhě,rovnováhu,rovnováho,rovnováhě,rovnováhou
1108,položka,položky,položkě,položku,položko,položkě,položkou
1109,louka,louky,louce,louku,louko,louce,loukou
1110,koncepce,koncepce,koncepci,koncepci,koncepce,koncepci,koncepcí
1111,software,softwaru,softwaru,software,software,softwaru,softwarem
1112,archiv,archivu,archivu,archiv,archive,archivu,archivem
1113,středisko,střediska,středisku,středisko,středisko,středisku,střediskem
1114,vůdce,vůdce,vůdci,vůdce,vůdce,vůdci,vůdcem
1115,máslo,másla,máslu,máslo,máslo,másle,máslem
1116,úterý,úterý,úterý,úterý,úterý,úterý,úterým
1117,debata,debaty,debatě,debatu,debato,debatě,debatou
1118,objev,objevu,objevu,objev,objeve,objevu,objevem
1119,čára,čáry,čáře,čáru,čáro,čáře,čárou
1120,omyl,omylu,omylu,omyl,omyle,omylu,omylem
1121,notebook,notebooku,notebooku,notebook,notebooku,notebooku,notebookem
1122,expozice,expozice,expozici,expozici,expozice,expozici,expozicí
1123,publikum,publika,publiku,publikum,publikum,publiku,publikem
1124,laboratoř,laboratoře,laboratoři,laboratoř,laboratoři,laboratoři,laboratoří
1125,podání,podání,podání,podání,podání,podání,podáním
1126,nula,nuly,nulě,nulu,nulo,nulě,nulou
1127,brankář,brankáře,brankáři,brankáře,brankáři,brankáři,brankářem
1128,skvrna,skvrny,skvrně,skvrnu,skvrno,skvrně,skvrnou
1129,vězeň,vězeně,vězeňovi,vězeně,vězeni,vězeňovi,vězeněm
1130,koalice,koalice,koalici,koalici,koalice,koalici,koalicí
1131,spolek,spolku,spolku,spolek,spolku,spolku,spolkem
1132,překlad,překladu,překladu,překlad,překlade,překladu,překladem
1133,nádrž,nádrže,nádrži,nádrž,nádrži,nádrži,nádrží
1134,frekvence,frekvence,frekvenci,frekvenci,frekvence,frekvenci,frekvencí
1135,úvěr,úvěru,úvěru,úvěr,úvěre,úvěru,úvěrem
1136,argument,argumentu,argumentu,argument,argumente,argumentu,argumentem
1137,pokuta,pokuty,pokutě,pokutu,pokuto,pokutě,pokutou
1138,filozofie,filozofie,filozofii,filozofii,filozofie,filozofii,filozofií
1139,učitelka,učitelky,učitelce,učitelku,učitelko,učitelce,učitelkou
1140,lampa,lampy,lampě,lampu,lampo,lampě,lampou
1141,školství,školství,školství,školství,školství,školství,školstvím
1142,procházka,procházky,procházce,procházku,procházko,procházce,procházkou
1143,nádoba,nádoby,nádobě,nádobu,nádobo,nádobě,nádobou
1144,chrám,chrámu,chrámu,chrám,chráme,chrámu,chrámem
1145,narození,narození,narození,narození,narození,narození,narozením
1146,legenda,legendy,legendě,legendu,legendo,legendě,legendou
1147,hodinky,hodinek,hodinkám,hodinky,hodinky,hodinkách,hodinkami
1148,tvůrce,tvůrce,tvůrci,tvůrci,tvůrce,tvůrci,tvůrcí
1149,video,videa,videu,video,video,videu,videem
1150,Pardubice,Pardubice,Pardubici,Pardubici,Pardubice,Pardubici,Pardubicí
1151,instalace,instalace,instalaci,instalaci,instalace,instalaci,instalací
1152,rytmus,rytmu,rytmu,rytmus,rytme,rytmu,rytmem
1153,prostora,prostory,prostorě,prostoru,prostoro,prostorě,prostorou
1154,kabina,kabiny,kabině,kabinu,kabino,kabině,kabinou
1155,smutek,smutku,smutku,smutek,smutku,smutku,smutkem
1156,orientace,orientace,orientaci,orientaci,orientace,orientaci,orientací
1157,prázdniny,prázdnin,prázdninám,prázdniny,prázdniny,prázdninách,prázdninami
1158,intenzita,intenzity,intenzitě,intenzitu,intenzito,intenzitě,intenzitou
1159,Moskva,Moskvy,Moskvě,Moskvu,Moskvo,Moskvě,Moskvou
1160,vila,vily,vile,vilu,vilo,vile,vilou
1161,prádlo,prádla,prádlu,prádlo,prádlo,prádel,prádlem
1162,disciplína,disciplíny,disciplíně,disciplínu,disciplíno,disciplíně,disciplínou
1163,hokej,hokje,hokji,hokej,hokji,hokji,hokjem
1164,surovina,suroviny,surovině,surovinu,surovino,surovině,surovinou
1165,kontext,kontextu,kontextu,kontext,kontexte,kontextu,kontextem
1166,dospělý,dospělého,dospělému,dospělého,dospělý,dospělém,dospělým
1167,známý,známého,známému,známého,známý,známém,známým
1168,styk,styku,styku,styk,styku,styku,stykem
1169,potrava,potravy,potravě,potravu,potravo,potravě,potravou
1170,vyšetřování,vyšetřování,vyšetřování,vyšetřování,vyšetřování,vyšetřování,vyšetřováním
1171,porážka,porážky,porážce,porážku,porážko,porážce,porážkou
1172,malíř,malíře,malířovi,malíře,malíři,malířovi,malířem
1173,včela,včely,včele,včelu,včelo,včele,včelou
1174,základna,základny,základně,základnu,základno,základně,základnou
1175,Kateřina,Kateřiny,Kateřině,Kateřinu,Kateřino,Kateřině,Kateřinou
1176,Vídeň,Vídně,Vídni,Vídeň,Vídni,Vídni,Vídní
1177,potomek,potomka,potomku,potomka,potomku,potomku,potomkem
1178,kauza,kauzy,kauzě,kauzu,kauzo,kauzě,kauzou
1179,tvrzení,tvrzení,tvrzení,tvrzení,tvrzení,tvrzení,tvrzením
1180,hračka,hračky,hračce,hračku,hračko,hračce,hračkou
1181,baterie,baterie,baterii,baterii,baterie,baterii,baterií
1182,tendence,tendence,tendenci,tendenci,tendence,tendenci,tendencí
1183,koncentrace,koncentrace,koncentraci,koncentraci,koncentrace,koncentraci,koncentrací
1184,pilot,pilota,pilotovi,pilota,pilote,pilotovi,pilotem
1185,letoun,letounu,letounu,letoun,letoune,letounu,letounem
1186,průvodce,průvodce,průvodci,průvodce,průvodce,průvodci,průvodcem
1187,zátěž,zátěže,zátěži,zátěž,zátěži,zátěži,zátěží
1188,kouzlo,kouzla,kouzlu,kouzlo,kouzlo,kouzlu,kouzlem
1189,Budějovice,Budějovice,Budějovici,Budějovici,Budějovice,Budějovici,Budějovicí
1190,výrok,výroku,výroku,výrok,výroku,výroku,výrokem
1191,vidění,vidění,vidění,vidění,vidění,vidění,viděním
1192,náboj,náboje,náboji,náboj,náboji,náboji,nábojem
1193,oceán,oceánu,oceánu,oceán,oceáne,oceánu,oceánem
1194,proměna,proměny,proměně,proměnu,proměno,proměně,proměnou
1195,asociace,asociace,asociaci,asociaci,asociace,asociaci,asociací
1196,vysočina,vysočiny,vysočině,vysočinu,vysočino,vysočině,vysočinou
1197,pěst,pěsti,pěsti,pěst,pěsti,pěsti,pěstí
1198,koule,koule,kouli,kouli,koule,kouli,koulí
1199,Řecko,Řecka,Řecku,Řecko,Řecko,Řecku,Řeckem
1200,bezpečí,bezpečí,bezpečí,bezpečí,bezpečí,bezpečí,bezpečím
1201,továrna,továrny,továrně,továrnu,továrno,továrně,továrnou
1202,přestávka,přestávky,přestávce,přestávku,přestávko,přestávce,přestávkou
1203,Marta,Marty,Martě,Martu,Marto,Martě,Martou
1204,náboženství,náboženství,náboženství,náboženství,náboženství,náboženství,náboženstvím
1205,infrastruktura,infrastruktury,infrastrukturě,infrastrukturu,infrastrukturo,infrastrukturě,infrastrukturou
1206,vrah,vraha,vrahovi,vraha,vrahu,vrahovi,vrahem
1207,správce,správce,správci,správce,správce,správci,správcem
1208,Helena,Heleny,Heleně,Helenu,Heleno,Heleně,Helenou
1209,trocha,trochy,troše,trochu,trocho,troše,trochou
1210,myš,myši,myši,myš,myši,myši,myší
1211,div,divu,divu,div,dive,divu,divem
1212,povolení,povolení,povolení,povolení,povolení,povolení,povolením
1213,dělník,dělníka,dělníkovi,dělníka,dělníku,dělníkovi,dělníkem
1214,balíček,balíčku,balíčku,balíček,balíčku,balíčku,balíčkem
1215,rekord,rekordu,rekordu,rekord,rekorde,rekordu,rekordem
1216,Petra,Petry,Petrě,Petru,Petro,Petrě,Petrou
1217,kufr,kufru,kufru,kufr,kufre,kufru,kufrem
1218,umístění,umístění,umístění,umístění,umístění,umístění,umístěním
1219,uhlí,uhlí,uhlí,uhlí,uhlí,uhlí,uhlím
1220,hornina,horniny,hornině,horninu,hornino,hornině,horninou
1221,mlha,mlhy,mlze,mlhu,mlho,mlze,mlhou
1222,hrozba,hrozby,hrozbě,hrozbu,hrozbo,hrozbě,hrozbou
1223,řetězec,řetězce,řetězci,řetězec,řetězče,řetězci,řetězcem
1224,stezka,stezky,stezkě,stezku,stezko,stezkě,stezkou
1225,publikace,publikace,publikaci,publikaci,publikace,publikaci,publikací
1226,panna,panny,panně,pannu,panno,panně,pannou
1227,Lucie,Lucie,Lucii,Lucii,Lucie,Lucii,Lucií
1228,statistika,statistiky,statistikě,statistiku,statistiko,statistikě,statistikou
1229,útěk,útěku,útěku,útěk,útěku,útěku,útěkem
1230,sklep,sklepu,sklepu,sklep,sklepe,sklepě,sklepem
1231,středohornoněmčina,středohornoněmčiny,středohornoněmčině,středohornoněmčinu,středohornoněmčino,středohornoněmčině,středohornoněmčinou
1232,ukázka,ukázky,ukázce,ukázku,ukázko,ukázce,ukázkou
1233,trávník,trávníku,trávníku,trávník,trávníku,trávníku,trávníkem
1234,ulička,uličky,uličce,uličku,uličko,uličce,uličkou
1235,sýr,sýra,sýru,sýr,sýre,sýru,sýrem
1236,předek,předka,předkovi,předka,předku,předkovi,předkem
1237,mrak,mraku,mraku,mrak,mraku,mraku,mrakem
1238,sportovec,sportovce,sportovci,sportovce,sportovče,sportovci,sportovcem
1239,izolace,izolace,izolaci,izolaci,izolace,izolaci,izolací
1240,vajíčko,vajíčka,vajíčku,vajíčko,vajíčko,vajíčku,vajíčkem
1241,pití,pití,pití,pití,pití,pití,pitím
1242,zápis,zápisu,zápisu,zápis,zápise,zápisu,zápisem
1243,pohlaví,pohlaví,pohlaví,pohlaví,pohlaví,pohlaví,pohlavím
1244,pořadí,pořadí,pořadí,pořadí,pořadí,pořadí,pořadím
1245,brada,brady,bradě,bradu,brado,bradě,bradou
1246,zpěvačka,zpěvačky,zpěvačce,zpěvačku,zpěvačko,zpěvačce,zpěvačkou
1247,ženská,ženské,ženské,ženskou,ženská,ženské,ženskou
1248,těžba,těžby,těžbě,těžbu,těžbo,těžbě,těžbou
1249,motivace,motivace,motivaci,motivaci,motivace,motivaci,motivací
1250,anděl,anděla,andělu,anděla,anděli,andělu,andělem
1251,výprava,výpravy,výpravě,výpravu,výpravo,výpravě,výpravou
1252,Indie,Indie,Indii,Indii,Indie,Indii,Indií
1253,Labe,Labe,Labi,Labe,Labe,Labi,Labem
1254,angličtina,angličtiny,angličtině,angličtinu,angličtino,angličtině,angličtinou
1255,obálka,obálky,obálce,obálku,obálko,obálce,obálkou
1256,úleva,úlevy,úlevě,úlevu,úlevo,úlevě,úlevou
1257,sluchátko,sluchátka,sluchátku,sluchátko,sluchátko,sluchátku,sluchátkem
1258,opera,opery,operě,operu,opero,operě,operou
1259,poptávka,poptávky,poptávkě,poptávku,poptávko,poptávkě,poptávkou
1260,městečko,městečka,městečku,městečko,městečko,městečku,městečkem
1261,lavička,lavičky,lavičkě,lavičku,lavičko,lavičkě,lavičkou
1262,komunita,komunity,komunitě,komunitu,komunito,komunitě,komunitou
1263,mráz,mrazu,mrazu,mráz,mraze,mrazu,mrazem
1264,podpis,podpisu,podpisu,podpis,podpise,podpisu,podpisem
1265,růže,růže,růži,růži,růže,růži,růží
1266,peklo,pekla,peklu,peklo,peklo,pekle,peklem
1267,zastávka,zastávky,zastávce,zastávku,zastávko,zastávce,zastávkou
1268,obnova,obnovy,obnově,obnovu,obnovo,obnově,obnovou
1269,pistole,pistole,pistoli,pistoli,pistole,pistoli,pistolí
1270,gymnázium,gymnázia,gymnáziu,gymnázium,gymnázium,gymnáziu,gymnáziem
1271,shoda,shody,shodě,shodu,shodo,shodě,shodou
1272,sloup,sloupu,sloupu,sloup,sloupe,sloupu,sloupem
1273,čeština,češtiny,češtině,češtinu,češtino,češtině,češtinou
1274,jezdec,jezdce,jezdci,jezdce,jezdče,jezdci,jezdcem
1275,plátno,plátna,plátnu,plátno,plátno,plátnu,plátnem
1276,plamen,"plamene, plamenu","plamenu, plameni",plamen,"plamene, plameni","plamenu, plameni",plamenem
1277,inspirace,inspirace,inspiraci,inspiraci,inspirace,inspiraci,inspirací
1278,polévka,polévky,polévce,polévku,polévko,polévce,polévkou
1279,záchrana,záchrany,záchraně,záchranu,záchrano,záchraně,záchranou
1280,kloub,kloubu,kloubu,kloub,kloube,kloubu,kloubem
1281,pytel,pytle,pytli,pytel,pytli,pytli,pytlem
1282,medicína,medicíny,medicíně,medicínu,medicíno,medicíně,medicínou
1283,pánev,pánve,pánvi,pánev,pánvi,pánvi,pánví
1284,strýc,strýce,strýci,strýce,strýci,strýci,strýcem
1285,děj,děje,ději,děj,ději,ději,dějem
1286,pásmo,pásma,pásmu,pásmo,pásmo,pásmu,pásmem
1287,příčka,příčky,příčce,příčku,příčko,příčce,příčkou
1288,posádka,posádky,posádkě,posádku,posádko,posádkě,posádkou
1289,venkov,venkova,venkovu,venkov,venkove,venkovu,venkovem
1290,chůze,chůze,chůzi,chůzi,chůze,chůzi,chůzí
1291,utrpení,utrpení,utrpení,utrpení,utrpení,utrpení,utrpením
1292,lidstvo,lidstva,lidstvu,lidstvo,lidstvo,lidstvu,lidstvem
1293,plíce,plíce,plíci,plíci,plíce,plíci,plící
1294,potok,potoka,potoku,potok,potoku,potoku,potokem
1295,pokrok,pokroku,pokroku,pokrok,pokroku,pokroku,pokrokem
1296,Antonín,Antonína,Antonínovi,Antonína,Antoníne,Antonínovi,Antonínem
1297,zpěvák,zpěváka,zpěvákovi,zpěváka,zpěváku,zpěvákovi,zpěvákem
1298,mzda,mzdy,mzdě,mzdu,mzdo,mzdě,mzdou
1299,kód,kódu,kódu,kód,kóde,kódu,kódem
1300,šťáva,šťávy,šťávě,šťávu,šťávo,šťávě,šťávou
1301,dovednost,dovednosti,dovednosti,dovednost,dovednosti,dovednosti,dovedností
1302,vztek,vzteku,vzteku,vztek,vzteku,vzteku,vztekem
1303,prášek,prášku,prášku,prášek,prášku,prášku,práškem
1304,výročí,výročí,výročí,výročí,výročí,výročí,výročím
1305,šířka,šířky,šířce,šířku,šířko,šířce,šířkou
1306,Japonsko,Japonska,Japonsku,Japonsko,Japonsko,Japonsku,Japonskem
1307,císař,císaře,"císaři, císařovi",císaře,císaři,"císaři, císařovi",císařem
1308,lavice,lavice,lavici,lavici,lavice,lavici,lavicí
1309,povolání,povolání,povolání,povolání,povolání,povolání,povoláním
1310,hrana,hrany,hraně,hranu,hrano,hraně,hranou
1311,koza,kozy,koze,kozu,kozo,koze,kozou
1312,odpoledne,odpoledne,odpoledni,odpoledne,odpoledne,odpoledni,odpolednem
1313,koš,koše,koši,koš,koši,koši,košem
1314,chalupa,chalupy,chalupě,chalupu,chalupo,chalupě,chalupou
1315,povídka,povídky,povídce,povídku,povídko,povídce,povídkou
1316,pata,paty,patě,patu,pato,patě,patou
1317,pachatel,pachatele,pachatelovi,pachatele,pachateli,pachatelovi,pachatelem
1318,porod,porodu,porodu,porod,porode,porodu,porodem
1319,výbava,výbavy,výbavě,výbavu,výbavo,výbavě,výbavou
1320,sekunda,sekundy,sekundě,sekundu,sekundo,sekundě,sekundou
1321,parkoviště,parkoviště,parkovišti,parkoviště,parkoviště,parkovišti,parkovištěm
1322,obránce,obránce,obránci,obránce,obránce,obránci,obráncem
1323,nakladatelství,nakladatelství,nakladatelství,nakladatelství,nakladatelství,nakladatelství,nakladatelstvím
1324,molekula,molekuly,molekulě,molekulu,molekulo,molekulě,molekulou
1325,oblek,obleku,obleku,oblek,obleku,obleku,oblekem
1326,stres,stresu,stresu,stres,strese,stresu,stresem
1327,důl,dolu,dolu,důl,dole,"dole, dolu",dolem
1328,ráj,ráje,ráji,ráj,ráji,ráji,rájem
1329,nápoj,nápoje,nápoji,nápoj,nápoji,nápoji,nápojem
1330,uniforma,uniformy,uniformě,uniformu,uniformo,uniformě,uniformou
1331,kabel,kabelu,kabelu,kabel,kabele,kabelu,kabelem
1332,fotograf,fotografa,fotografovi,fotografa,fotografe,fotografovi,fotografem
1333,ředitelka,ředitelky,ředitelce,ředitelku,ředitelko,ředitelce,ředitelkou
1334,klín,klína,klínu,klín,klíne,klíně,klínem
1335,hokejista,hokejisty,hokejistě,hokejistu,hokejisto,hokejistě,hokejistou
1336,rakovina,rakoviny,rakovině,rakovinu,rakovino,rakovině,rakovinou
1337,zákoník,zákoníku,zákoníku,zákoník,zákoníku,zákoníku,zákoníkem
1338,náhrada,náhrady,náhradě,náhradu,náhrado,náhradě,náhradou
1339,úcta,úcty,úctě,úctu,úcto,úctě,úctou
1340,pult,pultu,pultu,pult,pulte,pultu,pultem
1341,sazba,sazby,sazbě,sazbu,sazbo,sazbě,sazbou
1342,George,George,Georgi,Georgi,George,Georgi,Georgí
1343,elektron,elektronu,elektronu,elektron,elektrone,elektronu,elektronem
1344,svíčka,svíčky,svíčce,svíčku,svíčko,svíčce,svíčkou
1345,kráva,krávy,krávě,krávu,krávo,krávě,krávou
1346,báze,báze,bázi,bázi,báze,bázi,bází
1347,pohřeb,pohřbu,pohřbu,pohřeb,pohřbe,pohřbu,pohřbem
1348,Alice,Alice,Alici,Alici,Alice,Alici,Alicí
1349,drama,dramatu,dramatu,drama,drama,dramatu,dramatem
1350,polštář,polštáře,polštáři,polštář,polštáři,polštáři,polštářem
1351,rybník,rybníka,rybníku,rybník,rybníku,rybníku,rybníkem
1352,vlákno,vlákna,vláknu,vlákno,vlákno,vlákně,vláknem
1353,slib,slibu,slibu,slib,slibe,slibu,slibem
1354,šok,šoku,šoku,šok,šoku,šoku,šokem
1355,kaple,kaple,kapli,kapli,kaple,kapli,kaplí
1356,sukně,sukně,sukni,sukni,sukně,sukni,sukní
1357,Svoboda,Svobody,Svobodě,Svobodu,Svobodo,Svobodě,Svobodou
1358,fantazie,fantazie,fantazii,fantazii,fantazie,fantazii,fantazií
1359,školka,školky,školkě,školku,školko,školkě,školkou
1360,komentář,komentáře,komentáři,komentář,komentáři,komentáři,komentářem
1361,korupce,korupce,korupci,korupci,korupce,korupci,korupcí
1362,lež,lži,lži,lež,lži,lži,lží
1363,obal,obalu,obalu,obal,obale,obalu,obalem
1364,hlína,hlíny,hlíně,hlínu,hlíno,hlíně,hlínou
1365,palec,palce,palci,palec,palci,palci,palcem
1366,podnět,podnětu,podnětu,podnět,podněte,podnětu,podnětem
1367,tričko,trička,tričku,tričko,tričko,tričku,tričkem
1368,úder,úderu,úderu,úder,údere,úderu,úderem
1369,miska,misky,misce,misku,misko,misce,miskou
1370,papež,papeže,papeži,papeže,papeži,papeži,papežem
1371,hospodářství,hospodářství,hospodářství,hospodářství,hospodářství,hospodářství,hospodářstvím
1372,hřbet,hřbetu,hřbetu,hřbet,hřbete,hřbetu,hřbetem
1373,katastrofa,katastrofy,katastrofě,katastrofu,katastrofo,katastrofě,katastrofou
1374,střela,střely,střele,střelu,střelo,střele,střelou
1375,živočich,živočicha,živočichu,živočicha,živočichu,živočichu,živočichem
1376,paluba,paluby,palubě,palubu,palubo,palubě,palubou
1377,ropa,ropy,ropě,ropu,ropo,ropě,ropou
1378,pohovka,pohovky,pohovce,pohovku,pohovko,pohovce,pohovkou
1379,slavnost,slavnosti,slavnosti,slavnost,slavnosti,slavnosti,slavností
1380,přístav,přístavu,přístavu,přístav,přístave,přístavu,přístavem
1381,vize,vize,vizi,vizi,vize,vizi,vizí
1382,samota,samoty,samotě,samotu,samoto,samotě,samotou
1383,historka,historky,historkě,historku,historko,historkě,historkou
1384,jídelna,jídelny,jídelně,jídelnu,jídelno,jídelně,jídelnou
1385,nehet,nehtu,nehtu,nehet,nehte,nehtu,nehtem
1386,síň,síně,síni,síň,síni,síni,síní
1387,rám,rámu,rámu,rám,ráme,rámu,rámem
1388,tyč,tyče,tyči,tyč,tyči,tyči,tyčí
1389,sebevražda,sebevraždy,sebevraždě,sebevraždu,sebevraždo,sebevraždě,sebevraždou
1390,pot,potu,potu,pot,pote,potu,potem
1391,mouka,mouky,moukě,mouku,mouko,moukě,moukou
1392,civilizace,civilizace,civilizaci,civilizaci,civilizace,civilizaci,civilizací
1393,poradce,poradce,poradci,poradci,poradce,poradci,poradcí
1394,čest,cti,cti,čest,cti,cti,ctí
1395,volant,volantu,volantu,volant,volante,volantě,volantem
1396,zlo,zla,zlu,zlo,zlo,zlu,zlem
1397,vozík,vozíku,vozíku,vozík,vozíku,vozíku,vozíkem
1398,komedie,komedie,komedii,komedii,komedie,komedii,komedií
1399,pobočka,pobočky,pobočkě,pobočku,pobočko,pobočkě,pobočkou
1400,jednička,jedničky,jedničce,jedničku,jedničko,jedničce,jedničkou
1401,fotoaparát,fotoaparátu,fotoaparátu,fotoaparát,fotoaparáte,fotoaparátu,fotoaparátem
1402,skok,skoku,skoku,skok,skoku,skoku,skokem
1403,Asie,Asie,Asii,Asii,Asie,Asii,Asií
1404,hrdlo,hrdla,hrdlu,hrdlo,hrdlo,"hrdle, hrdlu",hrdlem
1405,výbuch,výbuchu,výbuchu,výbuch,výbuchu,výbuchu,výbuchem
1406,keř,keře,keři,keř,keři,keři,keřem
1407,móda,módy,módě,módu,módo,módě,módou
1408,stabilita,stability,stabilitě,stabilitu,stabilito,stabilitě,stabilitou
1409,jablko,jablka,jablku,jablko,jablko,jablku,jablkem
1410,schránka,schránky,schránce,schránku,schránko,schránce,schránkou
1411,obrat,obratu,obratu,obrat,obrate,obratu,obratem
1412,bouře,bouře,bouři,bouři,bouře,bouři,bouří
1413,meč,meče,meči,meč,meči,meči,mečem
1414,zmínka,zmínky,zmínkě,zmínku,zmínko,zmínkě,zmínkou
1415,tah,tahu,tahu,tah,tahu,tahu,tahem
1416,výnos,výnosu,výnosu,výnos,výnose,výnosu,výnosem
1417,rozkaz,rozkazu,rozkazu,rozkaz,rozkaze,rozkazu,rozkazem
1418,med,medu,medu,med,mede,medu,medem
1419,priorita,priority,prioritě,prioritu,priorito,prioritě,prioritou
1420,Ukrajina,Ukrajiny,Ukrajině,Ukrajinu,Ukrajino,Ukrajině,Ukrajinou
1421,modlitba,modlitby,modlitbě,modlitbu,modlitbo,modlitbě,modlitbou
1422,dokumentace,dokumentace,dokumentaci,dokumentaci,dokumentace,dokumentaci,dokumentací
1423,terapie,terapie,terapii,terapii,terapie,terapii,terapií
1424,statek,statku,statku,statek,statku,statku,statkem
1425,vojsko,vojska,vojsku,vojsko,vojsko,vojsku,vojskem
1426,ložisko,ložiska,ložisku,ložisko,ložisko,ložisku,ložiskem
1427,fasáda,fasády,fasádě,fasádu,fasádo,fasádě,fasádou
1428,žánr,žánru,žánru,žánr,žánre,žánru,žánrem
1429,novela,novely,novelě,novelu,novelo,novelě,novelou
1430,kabelka,kabelky,kabelce,kabelku,kabelko,kabelce,kabelkou
1431,Tereza,Terezy,Tereze,Terezu,Terezo,Tereze,Terezou
1432,mrtvola,mrtvoly,mrtvole,mrtvolu,mrtvolo,mrtvole,mrtvolou
1433,poezie,poezie,poezii,poezii,poezie,poezii,poezií
1434,profese,profese,profesi,profesi,profese,profesi,profesí
1435,milenec,milence,milenci,milence,milenče,milenci,milencem
1436,měřítko,měřítka,měřítku,měřítko,měřítko,měřítku,měřítkem
1437,vášeň,vášně,vášni,vášeň,vášni,vášni,vášní
1438,psycholog,psychologa,psychologovi,psychologa,psychologu,psychologovi,psychologem
1439,medvěd,medvěda,"medvědovi, medvědu",medvěda,medvěde,"medvědovi, medvědu",medvědem
1440,sklenička,skleničky,skleničkě,skleničku,skleničko,skleničkě,skleničkou
1441,těsto,těsta,těstu,těsto,těsto,těstě,těstem
1442,sféra,sféry,sférě,sféru,sféro,sférě,sférou
1443,štít,štítu,štítu,štít,štíte,štítu,štítem
1444,vlhkost,vlhkosti,vlhkosti,vlhkost,vlhkosti,vlhkosti,vlhkostí
1445,portrét,portrétu,portrétu,portrét,portréte,portrétu,portrétem
1446,stehno,stehna,stehnu,stehno,stehno,stehnu,stehnem
1447,hmyz,hmyzu,hmyzu,hmyz,hmyze,hmyzu,hmyzem
1448,servis,servisu,servisu,servis,servise,servisu,servisem
1449,zadek,zadku,zadku,zadek,zadku,zadku,zadkem
1450,mince,mince,minci,minci,mince,minci,mincí
1451,křivka,křivky,křivkě,křivku,křivko,křivkě,křivkou
1452,Apple,Apple,Appli,Appli,Apple,Appli,Applí
1453,žíla,žíly,žíle,žílu,žílo,žíle,žílou
1454,divize,divize,divizi,divizi,divize,divizi,divizí
1455,oblouk,oblouku,oblouku,oblouk,oblouku,oblouku,obloukem
1456,tragedie,tragedie,tragedii,tragedii,tragedie,tragedii,tragedií
1457,záchod,záchodu,záchodu,záchod,záchode,záchodu,záchodem
1458,salát,salátu,salátu,salát,saláte,salátu,salátem
1459,pochybnost,pochybnosti,pochybnosti,pochybnost,pochybnosti,pochybnosti,pochybností
1460,Škoda,Škody,Škodě,Škodu,Škodo,Škodě,Škodou
1461,střelec,střelce,střelci,střelce,střelče,střelci,střelcem
1462,monitor,monitoru,monitoru,monitor,monitore,monitoru,monitorem
1463,kritik,kritika,kritikovi,kritika,kritiku,kritikovi,kritikem
1464,pach,pachu,pachu,pach,pachu,pachu,pachem
1465,stan,stanu,stanu,stan,stane,stanu,stanem
1466,trouba,trouby,troubě,troubu,troubo,troubě,troubou
1467,únava,únavy,únavě,únavu,únavo,únavě,únavou
1468,železo,železa,železu,železo,železo,železe,železem
1469,fyzika,fyziky,fyzice,fyziku,fyziko,fyzice,fyzikou
1470,regulace,regulace,regulaci,regulaci,regulace,regulaci,regulací
1471,pochod,pochodu,pochodu,pochod,pochode,pochodu,pochodem
1472,půlka,půlky,půlce,půlku,půlko,půlce,půlkou
1473,odbor,odboru,odboru,odbor,odbore,odboru,odborem
1474,had,hada,hadovi,hada,hade,hadovi,hadem
1475,éra,éry,érě,éru,éro,érě,érou
1476,křižovatka,křižovatky,křižovatce,křižovatku,křižovatko,křižovatce,křižovatkou
1477,děda,dědy,dědě,dědu,dědo,dědě,dědou
1478,hustota,hustoty,hustotě,hustotu,hustoto,hustotě,hustotou
1479,kůra,kůry,kůře,kůru,kůro,kůře,kůrou
1480,obyvatelstvo,obyvatelstva,obyvatelstvu,obyvatelstvo,obyvatelstvo,obyvatelstvu,obyvatelstvem
1481,rukáv,rukávu,rukávu,rukáv,rukáve,rukávu,rukávem
1482,dialog,dialogu,dialogu,dialog,dialogu,dialogu,dialogem
1483,chod,chodu,chodu,chod,chode,chodu,chodem
1484,vtip,vtipu,vtipu,vtip,vtipe,vtipu,vtipem
1485,kolekce,kolekce,kolekci,kolekci,kolekce,kolekci,kolekcí
1486,závazek,závazku,závazku,závazek,závazku,závazku,závazkem
1487,poledne,poledne,poledni,poledni,poledne,poledni,polední
1488,interakce,interakce,interakci,interakci,interakce,interakci,interakcí
1489,legrace,legrace,legraci,legraci,legrace,legraci,legrací
1490,garáž,garáže,garáži,garáž,garáži,garáži,garáží
1491,biskup,biskupa,biskupu,biskupa,biskupe,biskupu,biskupem
1492,lebka,lebky,lebce,lebku,lebko,lebce,lebkou
1493,nesmysl,nesmyslu,nesmyslu,nesmysl,nesmysle,nesmyslu,nesmyslem
1494,přátelství,přátelství,přátelství,přátelství,přátelství,přátelství,přátelstvím
1495,identita,identity,identitě,identitu,identito,identitě,identitou
1496,tramvaj,tramvaje,tramvaji,tramvaj,tramvaji,tramvaji,tramvají
1497,pero,pera,peru,pero,pero,peru,perem
1498,blesk,blesku,blesku,blesk,blesku,blesku,bleskem
1499,inteligence,inteligence,inteligenci,inteligenci,inteligence,inteligenci,inteligencí
1500,porost,porostu,porostu,porost,poroste,porostu,porostem
1501,kostka,kostky,kostce,kostku,kostko,kostce,kostkou
1502,fungování,fungování,fungování,fungování,fungování,fungování,fungováním
1503,definice,definice,definici,definici,definice,definici,definicí
1504,výtah,výtahu,výtahu,výtah,výtahu,výtahu,výtahem
1505,olympiáda,olympiády,olympiádě,olympiádu,olympiádo,olympiádě,olympiádou
1506,vlk,vlka,vlkovi,vlka,vlku,vlkovi,vlkem
1507,prezentace,prezentace,prezentaci,prezentaci,prezentace,prezentaci,prezentací
1508,krabička,krabičky,krabičkě,krabičku,krabičko,krabičkě,krabičkou
1509,drát,drátu,drátu,drát,dráte,drátu,drátem
1510,dobro,dobra,dobru,dobro,dobro,dobru,dobrem
1511,příznivec,příznivce,příznivci,příznivce,příznivče,příznivci,příznivcem
1512,plukovník,plukovníka,plukovníku,plukovníka,plukovníku,plukovníku,plukovníkem
1513,autorita,autority,autoritě,autoritu,autorito,autoritě,autoritou
1514,odrůda,odrůdy,odrůdě,odrůdu,odrůdo,odrůdě,odrůdou
1515,kroužek,kroužku,kroužku,kroužek,kroužku,kroužku,kroužkem
1516,rozhodčí,rozhodčího,rozhodčímu,rozhodčího,rozhodčí,rozhodčím,rozhodčím
1517,přehlídka,přehlídky,přehlídkě,přehlídku,přehlídko,přehlídkě,přehlídkou
1518,advokát,advokáta,advokátovi,advokáta,advokáte,advokátovi,advokátem
1519,cibule,cibule,cibuli,cibuli,cibule,cibuli,cibulí
1520,zásluha,zásluhy,zásluhě,zásluhu,zásluho,zásluhě,zásluhou
1521,hrabě,hraběte,hraběti,hraběte,hrabě,hraběti,hrabětem
1522,integrace,integrace,integraci,integraci,integrace,integraci,integrací
1523,emise,emise,emisi,emisi,emise,emisi,emisí
1524,Žid,Žida,Židu,Žida,Žide,Židu,Židem
1525,obliba,obliby,oblibě,oblibu,oblibo,oblibě,oblibou
1526,fenomén,fenoménu,fenoménu,fenomén,fenoméne,fenoménu,fenoménem
1527,víčko,víčka,víčku,víčko,víčko,víčku,víčkem
1528,čokoláda,čokolády,čokoládě,čokoládu,čokoládo,čokoládě,čokoládou
1529,vana,vany,vaně,vanu,vano,vaně,vanou
1530,schéma,schématu,schématu,schéma,schéma,schématu,schématem
1531,pomůcka,pomůcky,pomůcce,pomůcku,pomůcko,pomůcce,pomůckou
1532,příloha,přílohy,příloze,přílohu,příloho,příloze,přílohou
1533,komisař,komisaře,komisařovi,komisaře,komisaři,komisařovi,komisařem
1534,loket,loktu,loktu,loket,lokte,loktu,loktem
1535,rukavice,rukavice,rukavici,rukavici,rukavice,rukavici,rukavicí
1536,inscenace,inscenace,inscenaci,inscenaci,inscenace,inscenaci,inscenací
1537,deprese,deprese,depresi,depresi,deprese,depresi,depresí
1538,sad,sadu,sadu,sad,sade,sadu,sadem
1539,režie,režie,režii,režii,režie,režii,režií
1540,kotel,kotle,kotli,kotel,kotli,kotli,kotlem
1541,vrch,vrchu,vrchu,vrch,vrchu,vrchu,vrchem
1542,sleva,slevy,slevě,slevu,slevo,slevě,slevou
1543,prevence,prevence,prevenci,prevenci,prevence,prevenci,prevencí
1544,prodejna,prodejny,prodejně,prodejnu,prodejno,prodejně,prodejnou
1545,koutek,koutku,koutku,koutek,koutku,koutku,koutkem
1546,pneumatika,pneumatiky,pneumatice,pneumatiku,pneumatiko,pneumatice,pneumatikou
1547,Hana,Hany,Haně,Hanu,Hano,Haně,Hanou
1548,vlast,vlasti,vlasti,vlast,vlasti,vlasti,vlastí
1549,strava,stravy,stravě,stravu,stravo,stravě,stravou
1550,alternativa,alternativy,alternativě,alternativu,alternativo,alternativě,alternativou
1551,bomba,bomby,bombě,bombu,bombo,bombě,bombou
1552,klávesnice,klávesnice,klávesnici,klávesnici,klávesnice,klávesnici,klávesnicí
1553,jeviště,jeviště,jevišti,jeviště,jeviště,jevišti,jevištěm
1554,okres,okresu,okresu,okres,okrese,okrese,okresem
1555,cyklista,cyklisty,cyklistovi,cyklistu,cyklisto,cyklistovi,cyklistou
1556,Francouz,Francouze,Francouzovi,Francouze,Francouzi,Francouzovi,Francouzem
1557,bohatství,bohatství,bohatství,bohatství,bohatství,bohatství,bohatstvím
1558,tkáň,tkáně,tkáni,tkáň,tkáni,tkáni,tkání
1559,kopie,kopie,kopii,kopii,kopie,kopii,kopií
1560,interpretace,interpretace,interpretaci,interpretaci,interpretace,interpretaci,interpretací
1561,úzkost,úzkosti,úzkosti,úzkost,úzkosti,úzkosti,úzkostí
1562,pivovar,pivovaru,pivovaru,pivovar,pivovare,pivovaru,pivovarem
1563,nenávist,nenávisti,nenávisti,nenávist,nenávisti,nenávisti,nenávistí
1564,vzorec,vzorce,vzorci,vzorec,vzorci,vzorci,vzorcem
1565,komplikace,komplikace,komplikaci,komplikaci,komplikace,komplikaci,komplikací
1566,poklad,pokladu,pokladu,poklad,poklade,pokladu,pokladem
1567,nezaměstnanost,nezaměstnanosti,nezaměstnanosti,nezaměstnanost,nezaměstnanosti,nezaměstnanosti,nezaměstnaností
1568,hypotéza,hypotézy,hypotézě,hypotézu,hypotézo,hypotézě,hypotézou
1569,platforma,platformy,platformě,platformu,platformo,platformě,platformou
1570,skladatel,skladatele,skladateli,skladatele,skladateli,skladateli,skladatelem
1571,náznak,náznaku,náznaku,náznak,náznaku,náznaku,náznakem
1572,eurozóna,eurozóny,eurozóně,eurozónu,eurozóno,eurozóně,eurozónou
1573,práh,prahu,prahu,práh,prahu,prahu,prahem
