,uncased
0,человек
1,год
2,время
3,рука
4,дело
5,раз
6,глаз
7,день
8,жизнь
9,голова
10,друг
11,дом
12,слово
13,место
14,лицо
15,октябрь
16,сторона
17,нога
18,работа
19,арбуз
20,дверь
21,конец
22,город
23,голос
24,час
25,земля
26,сила
27,вода
28,случай
29,стол
30,машина
31,мир
32,ночь
33,женщина
34,ребёнок
35,вид
36,отец
37,вопрос
38,ряд
39,страна
40,война
41,деньги
42,минута
43,товарищ
44,правда
45,часть
46,дорога
47,свет
48,жена
49,окно
50,Россия
51,мать
52,Москва
53,улица
54,комната
55,утро
56,вечер
57,душа
58,книга
59,плечо
60,пол
61,народ
62,взгляд
63,история
64,бог
65,палец
66,имя
67,мысль
68,разговор
69,право
70,лес
71,сын
72,путь
73,тысяча
74,пора
75,пора
76,стена
77,спина
78,месяц
79,тело
80,язык
81,мама
82,старик
83,смерть
84,власть
85,мальчик
86,образ
87,письмо
88,отношение
89,сердце
90,начальник
91,девушка
92,солдат
93,небо
94,система
95,воздух
96,ребята
97,брат
98,квартира
99,генерал
100,кровь
101,шаг
102,хозяин
103,внимание
104,школа
105,труд
106,капитан
107,парень
108,группа
109,солнце
110,любовь
111,ухо
112,неделя
113,ответ
114,берег
115,помощь
116,мужчина
117,момент
118,газета
119,чувство
120,порядок
121,семья
122,армия
123,возможность
124,движение
125,муж
126,нос
127,огонь
128,двор
129,угол
130,смысл
131,общество
132,грудь
133,дерево
134,немец
135,губа
136,снег
137,дядя
138,очередь
139,форма
140,закон
141,собака
142,состояние
143,сон
144,карман
145,девочка
146,камень
147,ветер
148,проблема
149,связь
150,гость
151,зуб
152,мера
153,век
154,номер
155,средство
156,действие
157,ход
158,государство
159,глава
160,партия
161,край
162,река
163,судьба
164,рота
165,речь
166,причина
167,гора
168,страх
169,море
170,зал
171,врач
172,командир
173,боль
174,господин
175,вещь
176,результат
177,число
178,цель
179,положение
180,писатель
181,бумага
182,план
183,черта
184,документ
185,волос
186,пара
187,след
188,решение
189,класс
190,условие
191,центр
192,встреча
193,директор
194,рубль
195,служба
196,процесс
197,президент
198,память
199,герой
200,дух
201,враг
202,счастье
203,удар
204,самолёт
205,деревня
206,картина
207,будущее
208,коридор
209,ум
210,кабинет
211,колено
212,бутылка
213,телефон
214,компания
215,доктор
216,автор
217,мужик
218,интерес
219,счёт
220,лейтенант
221,оружие
222,игра
223,бой
224,качество
225,член
226,хлеб
227,развитие
228,банк
229,совет
230,трубка
231,ладонь
232,институт
233,правительство
234,идея
235,точка
236,уровень
237,профессор
238,наука
239,событие
240,союз
241,король
242,половина
243,метр
244,вера
245,область
246,ситуация
247,кухня
248,надежда
249,род
250,офицер
251,течение
252,информация
253,помочь
254,граница
255,слеза
256,рассказ
257,трава
258,тридцать
259,борьба
260,шея
261,десяток
262,толпа
263,родитель
264,правило
265,правило
266,секунда
267,программа
268,фамилия
269,звук
270,роман
271,чай
272,роль
273,сознание
274,команда
275,магазин
276,ворот
277,полковник
278,природа
279,запах
280,поэт
281,район
282,лист
283,лист
284,стекло
285,количество
286,этаж
287,тип
288,свобода
289,сапог
290,суд
291,выход
292,дед
293,лоб
294,кресло
295,дочь
296,характер
297,опыт
298,площадь
299,управление
300,мнение
301,революция
302,улыбка
303,рост
304,лошадь
305,кожа
306,звезда
307,поезд
308,сестра
309,баба
310,цветок
311,дождь
312,желание
313,болезнь
314,сосед
315,пример
316,дама
317,орган
318,орган
319,поле
320,ящик
321,цена
322,ах
323,карта
324,слава
325,радость
326,тень
327,операция
328,музыка
329,завод
330,лето
331,станция
332,повод
333,воля
334,литература
335,дурак
336,приказ
337,гражданин
338,крыша
339,цвет
340,статья
341,круг
342,факт
343,бок
344,стул
345,лагерь
346,войско
347,удовольствие
348,вино
349,возраст
350,лестница
351,министр
352,фронт
353,Петербург
354,сад
355,задача
356,мол
357,темнота
358,название
359,большинство
360,организация
361,дым
362,километр
363,председатель
364,прочее
365,доллар
366,выражение
367,танк
368,зима
369,знак
370,мозг
371,учитель
372,майор
373,тишина
374,кровать
375,деятельность
376,США
377,рыба
378,щека
379,птица
380,папа
381,водка
382,здание
383,зеркало
384,искусство
385,начало
386,вагон
387,автомат
388,милиция
389,срок
390,одежда
391,корабль
392,кулак
393,художник
394,курс
395,куст
396,состав
397,чудо
398,кусок
399,фирма
400,пикник
401,миллион
402,пространство
403,тема
404,линия
405,мешок
406,бабушка
407,крик
408,рот
409,сутки
410,ключ
411,процент
412,ощущение
413,остров
414,конь
415,театр
416,живот
417,производство
418,штаб
419,детство
420,сотня
421,стакан
422,материал
423,ужас
424,значение
425,труба
426,стих
427,способ
428,обстоятельство
429,степень
430,Германия
431,СССР
432,волна
433,глубина
434,представитель
435,нож
436,рынок
437,шум
438,студент
439,впечатление
440,отдел
441,запад
442,очко
443,успех
444,инженер
445,население
446,пыль
447,знание
448,секретарь
449,ошибка
450,боец
451,масса
452,чёрт
453,царь
454,фигура
455,противник
456,даль
457,журнал
458,направление
459,замок
460,замок
461,победа
462,сотрудник
463,адрес
464,период
465,еврей
466,слух
467,клуб
468,хвост
469,предмет
470,лечение
471,зрение
472,беда
473,столица
474,обед
475,культура
476,высота
477,территория
478,костюм
479,попытка
480,дно
481,страница
482,еда
483,размер
484,предприятие
485,сцена
486,фотография
487,заболевание
488,принцип
489,миг
490,Европа
491,тётя
492,мастер
493,отряд
494,старуха
495,руководитель
496,житель
497,меч
498,господь
499,тюрьма
500,дворец
501,камера
502,существо
503,билет
504,фраза
505,Америка
506,весна
507,лодка
508,фильм
509,больница
510,смех
511,специалист
512,образование
513,мальчишка
514,продукт
515,пистолет
516,родина
517,личность
518,скорость
519,участок
520,текст
521,зверь
522,артист
523,автомобиль
524,участие
525,кот
526,мост
527,здоровье
528,костёр
529,человечество
530,пуля
531,сомнение
532,отсутствие
533,мясо
534,читатель
535,доска
536,убийство
537,мгновение
538,восток
539,настроение
540,пауза
541,приём
542,порог
543,фон
544,песок
545,долг
546,предложение
547,работник
548,сожаление
549,горло
550,ресторан
551,список
552,праздник
553,покой
554,шутка
555,автобус
556,рада
557,вариант
558,дыхание
559,организм
560,жертва
561,начальство
562,рукав
563,занятие
564,охрана
565,масло
566,кость
567,пиво
568,чиновник
569,эхо
570,потолок
571,лёгкое
572,руководство
573,защита
574,энергия
575,звонок
576,сигарета
577,кошка
578,зона
579,диван
580,предел
581,пятнадцать
582,постель
583,тайна
584,туман
585,книжка
586,воспоминание
587,Ленинград
588,существование
589,королева
590,вход
591,церковь
592,преступление
593,музей
594,планета
595,опасность
596,поиск
597,палатка
598,источник
599,основание
600,родственник
601,осень
602,представление
603,способность
604,понятие
605,тон
606,аппарат
607,водитель
608,крыло
609,изменение
610,беседа
611,пост
612,вывод
613,комиссия
614,множество
615,явление
616,красота
617,мороз
618,дача
619,пастух
620,дон
621,остальное
622,площадка
623,усилие
624,приятель
625,ручка
626,столик
627,журналист
628,выстрел
629,озеро
630,сумка
631,кино
632,должность
633,зло
634,позиция
635,удивление
636,следователь
637,ученик
638,основа
639,горе
640,рождение
641,песня
642,полок
643,старшина
644,колесо
645,шофёр
646,проект
647,совесть
648,суть
649,режим
650,стен
651,чемодан
652,платье
653,хозяйство
654,полиция
655,пункт
656,ствол
657,толк
658,вкус
659,добро
660,портрет
661,полк
662,кофе
663,отделение
664,подать
665,обстановка
666,пятно
667,бровь
668,телевизор
669,база
670,тревога
671,помещение
672,урок
673,поведение
674,создание
675,собрание
676,дедушка
677,безопасность
678,функция
679,нарушение
680,экран
681,шапка
682,полоса
683,хозяйка
684,штаны
685,грязь
686,заявление
687,труп
688,подарок
689,рубашка
690,август
691,объект
692,университет
693,охота
694,штука
695,муха
696,молоко
697,буква
698,вершина
699,поверхность
700,товар
701,лапа
702,гостиница
703,середина
704,бригада
705,признак
706,среда
707,политика
708,капля
709,вес
710,комитет
711,плащ
712,поток
713,холод
714,Париж
715,записка
716,появление
717,платок
718,корпус
719,сведение
720,сведение
721,забор
722,строй
723,морда
724,краска
725,кружок
726,могила
727,облако
728,шкаф
729,милиционер
730,сумма
731,сеть
732,грех
733,ожидание
734,необходимость
735,инспектор
736,сообщение
737,стенка
738,подъезд
739,парк
740,вокзал
741,борт
742,взрыв
743,расстояние
744,локоть
745,актёр
746,ус
747,куртка
748,луна
749,скала
750,скала
751,экономика
752,песнь
753,шинель
754,лёд
755,волк
756,структура
757,сержант
758,клетка
759,поколение
760,газ
761,пила
762,файл
763,орудие
764,коллега
765,просьба
766,выбор
767,куча
768,корень
769,содержание
770,разница
771,остаток
772,расчёт
773,температура
774,республика
775,пояс
776,шёпот
777,сентябрь
778,дивизия
779,гриб
780,сравнение
781,бабка
782,реакция
783,тоска
784,посёлок
785,кольцо
786,достоинство
787,слой
788,страсть
789,напряжение
790,коммунист
791,участник
792,подруга
793,изба
794,голод
795,пёс
796,заместитель
797,истина
798,колонна
799,оборона
800,элемент
801,пиджак
802,крыльцо
803,отличие
804,брюки
805,исследование
806,орден
807,техника
808,канал
809,девчонка
810,крест
811,теория
812,луч
813,молчание
814,батарея
815,устройство
816,палка
817,фонарь
818,контроль
819,ветка
820,влияние
821,разведка
822,справа
823,польза
824,дочка
825,надпись
826,обезьяна
827,склад
828,север
829,печать
830,крестьянин
831,пальто
832,любопытство
833,тарелка
834,следствие
835,ракета
836,зарплата
837,топор
838,убийца
839,сущность
840,домик
841,запись
842,пожар
843,пачка
844,ага
845,свидетель
846,пища
847,забота
848,открытие
849,девица
850,вождь
851,одеяло
852,храм
853,пассажир
854,строительство
855,поездка
856,рана
857,верёвка
858,погода
859,двести
860,паспорт
861,привычка
862,холм
863,шоссе
864,поворот
865,восторг
866,мечта
867,кабина
868,картошка
869,Израиль
870,борода
871,запас
872,тайга
873,молодец
874,пресса
875,подробность
876,талант
877,особенность
878,дружба
879,памятник
880,помощник
881,шляпа
882,произведение
883,подготовка
884,вызов
885,батальон
886,смена
887,потеря
888,сигнал
889,затылок
890,мотор
891,обида
892,профессия
893,юноша
894,юг
895,доля
896,воин
897,медведь
898,ведро
899,сказка
900,цк
901,полёт
902,пулемёт
903,железо
904,механизм
905,тьма
906,новость
907,строка
908,сфера
909,комиссар
910,малыш
911,повесть
912,поражение
913,цифра
914,компьютер
915,угроза
916,исключение
917,бумажка
918,договор
919,башня
920,секрет
921,лампа
922,ремень
923,глупость
924,библиотека
925,ботинок
926,ткань
927,халат
928,океан
929,деталь
930,молодёжь
931,радио
932,лидер
933,корова
934,преступник
935,итог
936,задание
937,заседание
938,папка
939,Франция
940,депутат
941,молодость
942,норма
943,гном
944,цепь
945,метода
946,ответственность
947,жар
948,пакет
949,уважение
950,контакт
951,пот
952,подвал
953,ужин
954,ужин
955,переход
956,бег
957,американец
958,традиция
959,привет
960,столб
961,услуга
962,шеф
963,вещество
964,баня
965,снаряд
966,вор
967,разведчик
968,редактор
969,бандит
970,подушка
971,грузовик
972,раствор
973,яма
974,министерство
975,модель
976,инструмент
977,золото
978,стрелок
979,жест
980,ноябрь
981,эпоха
982,отдых
983,передача
984,шар
985,звание
986,обязанность
987,волнение
988,щель
989,акция
990,узел
991,гроб
992,редакция
993,распоряжение
994,май
995,поддержка
996,дверца
997,Чечня
998,марка
999,разрешение
1000,император
1001,листок
1002,двигатель
1003,присутствие
1004,лев
1005,возвращение
1006,коробка
1007,печка
1008,поступок
1009,симптом
1010,кладбище
1011,комплекс
1012,комплекс
1013,шанс
1014,ложка
1015,старушка
1016,наблюдение
1017,декабрь
1018,палата
1019,судья
1020,порт
1021,винтовка
1022,горизонт
1023,портфель
1024,спутник
1025,июнь
1026,требование
1027,ценность
1028,гений
1029,пламя
1030,стиль
1031,лук
1032,госпиталь
1033,агент
1034,костя
1035,коньяк
1036,публика
1037,князь
1038,ненависть
1039,собственность
1040,март
1041,вертолёт
1042,дар
1043,моряк
1044,перо
1045,колхоз
1046,владелец
1047,концерт
1048,знакомство
1049,слабость
1050,рыбак
1051,яйцо
1052,отель
1053,лаборатория
1054,степь
1055,объяснение
1056,туча
1057,взвод
1058,огород
1059,клиент
1060,константин
1061,мелочь
1062,склон
1063,верх
1064,пушок
1065,тётка
1066,лётчик
1067,лекарство
1068,лекарство
1069,гвоздь
1070,ружьё
1071,кандидат
1072,разум
1073,благо
1074,назначение
1075,нерв
1076,администрация
1077,бельё
1078,подбородок
1079,этап
1080,бомба
1081,политик
1082,карьера
1083,действительность
1084,заяц
1085,дума
1086,метро
1087,городок
1088,экзамен
1089,гибель
1090,кнопка
1091,ангел
1092,огонёк
1093,доклад
1094,дрова
1095,последствие
1096,сволочь
1097,роза
1098,яблоко
1099,кадр
1100,дорожка
1101,губернатор
1102,тяжесть
1103,частность
1104,пенсия
1105,июль
1106,фонд
1107,воображение
1108,искра
1109,отчаяние
1110,бизнес
1111,болото
1112,сэр
1113,виза
1114,отпуск
1115,изображение
1116,оценка
1117,груз
1118,бюджет
1119,использование
1120,кролик
1121,доказательство
1122,танец
1123,внук
1124,гордость
1125,получение
1126,стук
1127,январь
1128,шкура
1129,заключение
1130,санкт
1131,ковёр
1132,койка
1133,недостаток
1134,наличие
1135,статус
1136,поход
1137,училище
1138,рыцарь
1139,прибор
1140,выборы
1141,карточка
1142,государь
1143,путешествие
1144,зритель
1145,империя
1146,девка
1147,давление
1148,патрон
1149,мина
1150,спектакль
1151,хрен
1152,применение
1153,лекция
1154,желудок
1155,супруг
1156,потребность
1157,галстук
1158,док
1159,социализм
1160,свадьба
1161,соль
1162,руль
1163,мука
1164,мука
1165,штат
1166,бочок
1167,скандал
1168,завтрак
1169,сиденье
1170,версия
1171,понимание
1172,охотник
1173,пустыня
1174,речка
1175,бревно
1176,стрела
1177,академия
1178,промышленность
1179,посуда
1180,идиот
1181,допрос
1182,продажа
1183,конфликт
1184,свойство
1185,свойство
1186,кусочек
1187,судно
1188,рамка
1189,карандаш
1190,собеседник
1191,бригадир
1192,грохот
1193,драка
1194,мак
1195,анализ
1196,переговоры
1197,выступление
1198,неприятность
1199,торговля
1200,москвич
1201,транспорт
1202,транспорт
1203,справедливость
1204,остановка
1205,невеста
1206,рукопись
1207,блок
1208,экспедиция
1209,уверенность
1210,дура
1211,красавица
1212,крышка
1213,удача
1214,сарай
1215,контора
1216,скамейка
1217,одиночество
1218,дьявол
1219,рассвет
1220,академик
1221,обмен
1222,каша
1223,спичка
1224,спора
1225,Корея
1226,перевод
1227,кафе
1228,режиссёр
1229,воскресенье
1230,отчёт
1231,блеск
1232,проверка
1233,сахар
1234,лопата
1235,надел
1236,питание
1237,прокурор
1238,экипаж
1239,лифт
1240,такси
1241,трус
1242,иностранец
1243,лента
1244,цех
1245,балкон
1246,мода
1247,ступенька
1248,выставка
1249,окончание
1250,суп
1251,сено
1252,акт
1253,указание
1254,молния
1255,глоток
1256,поза
1257,пустота
1258,реальность
1259,музыкант
1260,свидание
1261,брак
1262,глазок
1263,свинья
1264,рубаха
1265,спирт
1266,принц
1267,намерение
1268,плод
1269,рубеж
1270,майка
1271,ножка
1272,проход
1273,мистер
1274,происхождение
1275,достижение
1276,проявление
1277,цивилизация
1278,окоп
1279,творчество
1280,туалет
1281,волга
1282,коммунизм
1283,визит
1284,корреспондент
1285,учреждение
1286,нация
1287,прибыль
1288,атмосфера
1289,величество
1290,стоимость
1291,страдание
1292,вина
1293,ведьма
1294,зависимость
1295,рисунок
1296,ноготь
1297,ложь
1298,соображение
1299,белок
1300,повышение
1301,папироса
1302,тряпка
1303,барон
1304,посетитель
1305,перемена
1306,плита
1307,Китай
1308,окружающее
1309,картинка
1310,комбат
1311,коллектив
1312,чтение
1313,объём
1314,исполнение
1315,пароход
1316,подвиг
1317,продукция
1318,воздействие
1319,кирпич
1320,копейка
1321,наказание
1322,готовность
1323,уголок
1324,установка
1325,федерация
1326,слуга
1327,подпись
1328,сбор
1329,отказ
1330,металл
1331,пещера
1332,тротуар
1333,атака
1334,решётка
1335,переулок
1336,препарат
1337,совещание
1338,нужда
1339,тыл
1340,наряд
1341,советник
1342,гимнастёрка
1343,жалость
1344,чашка
1345,люк
1346,носок
1347,спорт
1348,окружение
1349,арест
1350,флот
1351,налог
1352,демократия
1353,олень
1354,турист
1355,эффект
1356,конференция
1357,разрыв
1358,сосна
1359,барин
1360,нападение
1361,суббота
1362,Украина
1363,мыло
1364,протокол
1365,лавка
1366,примета
1367,усталость
1368,величина
1369,съезд
1370,эксперимент
1371,боцман
1372,свеча
1373,асфальт
1374,масштаб
1375,фактор
1376,обращение
1377,почта
1378,монах
1379,рюмка
1380,приключение
1381,старость
1382,зад
1383,точность
1384,четверть
1385,перспектива
1386,охранник
1387,справка
1388,гнев
1389,почва
1390,плюс
1391,рог
1392,колдун
1393,полгода
1394,сочинение
1395,сопротивление
1396,реформа
1397,долина
1398,издание
1399,доход
1400,окошко
1401,расход
1402,жир
1403,змея
1404,рай
1405,проспект
1406,схема
1407,несчастье
1408,минимум
1409,Англия
1410,спасение
1411,подоконник
1412,подъём
1413,авиация
1414,признание
1415,альбом
1416,блюдо
1417,мебель
1418,апрель
1419,кремль
1420,старичок
1421,спальня
1422,стремление
1423,облегчение
1424,барак
1425,сок
1426,подозрение
1427,деятель
1428,ручей
1429,общение
1430,колбаса
1431,любитель
1432,соответствие
1433,показание
1434,легенда
1435,испытание
1436,мышка
1437,челюсть
1438,Италия
1439,уход
1440,ремонт
1441,осколок
1442,соседка
1443,телеграмма
1444,уголь
1445,согласие
1446,звон
1447,заказ
1448,чеченец
1449,практика
1450,стойка
1451,интеллигенция
1452,лампочка
1453,ген
1454,мышца
1455,благодарность
1456,категория
1457,нквд
1458,пуговица
1459,наступление
1460,козёл
1461,раб
1462,образец
1463,выполнение
1464,падение
1465,имущество
1466,ток
1467,приезд
1468,пляж
1469,сюжет
1470,слон
1471,монастырь
1472,подросток
1473,богатство
1474,дневник
1475,базар
1476,проволока
1477,проволока
1478,ярость
1479,воротник
1480,подполковник
1481,аэропорт
1482,длина
1483,авторитет
1484,принцесса
1485,туфля
1486,ветвь
1487,кризис
1488,отъезд
1489,кгб
1490,предок
1491,жидкость
1492,оркестр
1493,дыра
1494,волшебник
1495,обвинение
1496,бред
1497,рис
1498,маршрут
1499,маршал
1500,большевик
1501,спинка
1502,общежитие
1503,определение
1504,гад
1505,ерунда
1506,приступ
1507,крепость
1508,треск
1509,интервью
1510,сумерки
1511,проводник
1512,учительница
1513,конверт
1514,анекдот
1515,физиономия
1516,трамвай
1517,квартал
1518,риск
1519,дружок
1520,прыжок
1521,фабрика
1522,оболочка
1523,описание
1524,свидетельство
1525,взор
1526,адвокат
1527,заведение
1528,архив
1529,замысел
1530,курсант
1531,фуражка
1532,февраль
1533,капитал
1534,фашист
1535,полотенце
1536,инструкция
1537,маг
1538,лужа
1539,тонна
1540,напиток
1541,пьеса
1542,раздражение
1543,телевидение
1544,одиннадцать
1545,жильё
1546,процедура
1547,жених
1548,натура
1549,маска
1550,конкурс
1551,технология
1552,юность
1553,рёв
1554,сибирь
1555,ад
1556,струя
1557,аккумулятор
1558,Берлин
1559,кисть
1560,проведение
1561,ставка
1562,провод
1563,провод
1564,стрельба
1565,реклама
1566,комендант
1567,премьера
1568,поцелуй
1569,прогулка
1570,Япония
1571,орёл
1572,техник
1573,прогресс
1574,трудность
1575,казарма
1576,нар
1577,кислота
1578,юбка
1579,полдень
1580,овраг
1581,череп
1582,доверие
1583,рожа
1584,каюта
1585,символ
1586,дата
1587,физика
1588,регион
1589,игрушка
1590,стыд
1591,матрос
1592,гараж
1593,фюрер
1594,окраина
1595,издательство
1596,происшествие
1597,ноль
1598,приход
1599,премия
1600,чайник
1601,прихожая
1602,сосуд
1603,котелок
1604,юмор
1605,округ
1606,хор
1607,бокал
1608,Лондон
1609,машинка
1610,щит
1611,рюкзак
1612,фантазия
1613,учёт
1614,мероприятие
1615,трагедия
1616,награда
1617,партнёр
1618,вопль
1619,перерыв
1620,набережная
1621,воспитание
1622,недоумение
1623,преподаватель
1624,приговор
1625,стадо
1626,калитка
1627,копия
1628,вица
1629,увеличение
1630,мадам
1631,наслаждение
1632,табак
1633,космос
1634,катастрофа
1635,командировка
1636,холодильник
1637,подход
1638,цепочка
1639,зависть
1640,гул
1641,зерно
1642,пустяк
1643,котёл
1644,подряд
1645,хоббит
1646,флаг
1647,пионер
1648,манера
1649,злость
1650,жалоба
1651,учение
1652,медаль
1653,шпион
1654,сезон
1655,пришелец
1656,танцор
1657,преимущество
1658,облик
1659,формула
1660,сынок
1661,намёк
1662,командование
1663,грек
1664,оборот
1665,термин
1666,идеал
1667,марш
1668,умение
1669,стихотворение
1670,покупатель
1671,спокойствие
1672,нефть
1673,вена
1674,трактор
1675,килограмм
1676,Эстония
1677,добыча
1678,обычай
1679,мотоцикл
1680,ванна
1681,продолжение
1682,политбюро
1683,диск
1684,ссылка
1685,подчинённый
1686,тёща
1687,палуба
1688,перчатка
1689,пузырь
1690,серия
1691,велосипед
1692,ресурс
1693,тетрадь
1694,жажда
1695,мусор
1696,петух
1697,порошок
1698,растение
1699,удав
1700,башмак
1701,лыжа
1702,пропаганда
1703,бык
1704,снижение
1705,плач
1706,салон
1707,замечание
1708,беспокойство
1709,братец
1710,оборудование
1711,буфет
1712,аргумент
1713,лёт
1714,неожиданность
1715,цирк
1716,луг
1717,инвалид
1718,исход
1719,бюро
1720,бедро
1721,вздох
1722,зелень
1723,освобождение
1724,село
1725,аэродром
1726,чин
1727,племя
1728,мышь
1729,шуба
1730,всадник
1731,доступ
1732,крючок
1733,медицина
1734,боевик
1735,посольство
1736,пребывание
1737,кончик
1738,миллиард
1739,монета
1740,свист
1741,шерсть
1742,предположение
1743,повар
1744,тварь
1745,казак
1746,неудача
1747,приглашение
1748,размышление
1749,градус
1750,школьник
1751,биография
1752,дровосек
1753,критика
1754,китаец
1755,философия
1756,набор
1757,загадка
1758,характеристика
1759,поэзия
1760,англичанин
1761,бинокль
1762,колодец
1763,седло
1764,повязка
1765,корточки
1766,порыв
1767,граната
1768,хутор
1769,воспаление
1770,пациент
1771,палочка
1772,графа
1773,покупка
1774,объявление
1775,роса
1776,воробей
1777,простыня
1778,Одесса
1779,десятилетие
1780,корзина
1781,петля
1782,кампания
1783,вспышка
1784,гнездо
1785,покойник
1786,известие
1787,Польша
1788,ягода
1789,столетие
1790,бензин
1791,француз
1792,упор
1793,отверстие
1794,рама
1795,одиночка
1796,указ
1797,ограда
1798,ступень
1799,злоба
1800,скамья
1801,смесь
1802,кран
1803,суета
1804,зрелище
1805,учебник
1806,противоречие
1807,ресница
1808,изумление
1809,башка
1810,священник
1811,побег
1812,дуб
1813,протяжение
1814,штурман
1815,похороны
1816,хата
1817,философ
1818,расположение
1819,ребятишки
1820,эпизод
1821,знамя
1822,яд
1823,сук
1824,полоска
1825,обман
1826,вооружение
1827,капуста
1828,аппетит
1829,нуль
1830,группировка
1831,партизан
1832,закат
1833,тропинка
1834,чепуха
1835,историк
1836,удовлетворение
1837,дерьмо
1838,специальность
1839,каблук
1840,японец
1841,фрукт
1842,инициатива
1843,сценарий
1844,милость
1845,вселенная
1846,официант
1847,головка
1848,продавец
1849,гитара
1850,тройка
1851,досада
1852,простор
1853,битва
1854,утверждение
1855,очаг
1856,копыто
1857,чистота
1858,бульвар
1859,интеллигент
1860,дракон
1861,мэр
1862,пилот
1863,заговор
1864,заговор
1865,кол
1866,шлем
1867,окурок
1868,крыса
1869,вой
1870,госпожа
1871,оттенок
1872,правитель
1873,весло
1874,кишка
1875,буря
1876,прокуратура
1877,снимок
1878,негодяй
1879,проза
1880,терпение
1881,кузов
1882,внешность
1883,строчок
1884,диплом
1885,порция
1886,витрина
1887,материя
1888,провал
1889,походка
1890,травма
1891,отражение
1892,бак
1893,метод
1894,мяч
1895,трасса
1896,грамм
1897,торжество
1898,купол
1899,мрак
1900,хребет
1901,идеология
1902,ребро
1903,командующий
1904,религия
1905,батюшка
1906,артиллерия
1907,пехота
1908,поп
1909,победитель
1910,платформа
1911,матч
1912,эмоция
1913,пацан
1914,убеждение
1915,обрыв
1916,плёнка
1917,посадка
1918,блокнот
1919,разбойник
1920,обитатель
1921,мотив
1922,сооружение
1923,уничтожение
1924,полость
1925,расследование
1926,нитка
1927,младенец
1928,фигурка
1929,игрок
1930,коза
1931,интонация
1932,порода
1933,лозунг
1934,профессионал
1935,сотрудничество
1936,темп
1937,обещание
1938,переводчик
1939,занавеска
1940,соглашение
1941,печаль
1942,выпуск
1943,незнакомец
1944,гром
1945,формирование
1946,изделие
1947,казнь
1948,местность
1949,невроз
1950,прощение
1951,висок
1952,банда
1953,хохот
1954,рассуждение
1955,траншея
1956,холл
1957,понедельник
1958,мундир
1959,голубчик
1960,кукла
1961,конструкция
1962,капитализм
1963,веко
1964,корпорация
1965,поручение
1966,протест
1967,баран
1968,кличка
1969,погон
1970,потомок
1971,бассейн
1972,печень
1973,защитник
1974,обеспечение
1975,заслуга
1976,отвращение
1977,строитель
1978,ось
1979,стон
1980,землянка
1981,хирург
1982,рельс
1983,изучение
1984,призыв
1985,быт
1986,сорт
1987,пластинка
1988,брюхо
1989,стоянка
1990,правление
1991,падаль
1992,испуг
1993,будка
1994,постановление
1995,Рим
1996,жилец
1997,обсуждение
1998,заря
1999,разработка
