,uncased,nominative,genitive,dative,accusative,instrumental,locative,vocative
0,mama,mama,mamy,mamie,mamę,mamą,mamie,mamo
1,pan,pan,pana,panu,pana,panem,panie,panie
2,więc,wiec,wiecu,wiecowi,wiec,wiecem,wiecu,wiecu
3,pani,pani,pani,pani,panią,panią,pani,pani!
4,żeby,ząb,zęba,zębowi,ząb,zębem,zębie,zębie
6,porządek,porządek,porządku,porządkowi,porządek,porządkiem,porządku,porządku
7,mucha,mucha,muchy,musze,muchę,muchą,musze,mucho!
9,dom,dom,domu,domowi,dom,domem,domu,domu
10,prawda,prawda,prawdy,prawdzie,prawdę,prawdą,prawdzie,prawdo!
11,cześć,część ,części,części,część,częścią,części,część
12,lato,lato,lata,latu,lato,latem,lecie,lato
14,czas,czas,czasu,czasowi,czas,czasem,czasie,czas
15,człowiek,człowiek,człowieka,człowiekowi,człowieka,człowiekiem,człowieku,człowieku!
17,dzień,dzień,dnia,dniu,dzień,dniem,dniu,dzień
18,życie,życie,życia,życiu,życie,życiem,życiu,życie!
20,rzecz,rzecz,rzeczy,rzeczy,rzecz,rzeczą,rzeczy,rzeczy!
21,stąd,stado,stada,stadu,stado,stadem,stadzie,stado
22,kurwa,kurwa,kurwy,kurwie,kurwę,kurwą,kurwie,kurwo
24,miejsce,miejsce,miejsca,miejscu,miejsce,miejscem,miejscu,miejsce!
25,pomóc,pomoc,pomocy,pomocy,pomoc,pomocą,pomocy,pomocy!
26,myśl,myśl,myśli,myśli,myśl,myślą,myśli,myśl!
28,mowa,mowa,mowy,mowie,mowę,mową,mowie,mowo
29,tył,tył,tyłu,tyłowi,tył,tyłem,tyle,tyle!
30,ani,Ania,Ani,Ani,Anię,Anią,Ani,Aniu
31,ojciec,ojciec,ojca,ojcu,ojca,ojcem,ojcu,ojcze!
32,zbyt,zbyt,zbytu,zbytowi,zbyt,zbytem,zbycie,zbycie
33,sposób,sposób,sposobu,sposobowi,sposób,sposobem,sposobie,sposobie
34,praca,praca,pracy,pracy,pracę,pracą,pracy,praco
36,jutro,jutro,jutra,jutru,jutro,jutrem,jutrze,jutro
37,racja,racja,racji,racji,rację,racją,racji,racjo
38,tata,tata,taty,tacie,tatę,tatą,tacie,tato
40,nadzieja,nadzieja,nadziei,nadziei,nadzieję,nadzieją,nadziei,nadziejo!
41,stan,stan,stanu,stanowi,stan,stanem,stanie,stanie
42,koniec,koniec,końca,końcowi,koniec,końcem,końcu,końcu
44,problem,problem,problemu,problemowi,problem,problemem,problemie,problemie
45,spokój,spokój,spokoju,spokojowi,spokój,spokojem,spokoju,spokoju!
46,minuta,minuta,minuty,minucie,minutę,minutą,minucie,minuto
48,noc,noc,nocy,nocy,noc,nocą,nocy,nocy
49,pieniądz,pieniądz,pieniądza,pieniądzowi,pieniądza,pieniądzem,pieniądzu,pieniądzu
50,imię,imię,imienia,imieniu,imię,imieniem,imieniu,imię
54,chwila,chwila,chwili,chwili,chwilę,chwilą,chwili,chwilo
55,rok,rok,roku,rokowi,rok,rokiem,roku,roku
56,facet,facet,faceta,facetowi,faceta,facetem,facecie,facecie
58,dziecko,dziecko,dziecka,dziecku,dziecko,dzieckiem,dziecku,dziecko!
59,napis,napis,napisu,napisowi,napis,napisem,napisie,napisie!
61,poza,poza,pozy,pozie,pozę,pozą,pozie,pozo
62,pomoc,pomoc,pomocy,pomocy,pomoc,pomocą,pomocy,pomocy!
63,prawie,prawo,prawa,prawu,prawo,prawem,prawie,prawo
65,sprawa,sprawa,sprawy,sprawie,sprawę,sprawą,sprawie,sprawo!
67,powód,powód,powodu,powodowi,powód,powodem,powodzie,powodzie!
68,pomysł,pomysł,pomysłu,pomysłowi,pomysł,pomysłem,pomyśle,pomyśle!
70,numer,numer,numeru,numerowi,numer,numerem,numerze,numerze
72,latać,lato,lata,latu,lato,latem,lecie,lato
74,pokój,pokój,pokoju,pokojowi,pokój,pokojem,pokoju,pokój
76,samochód,samochód,samochodu,samochodowi,samochód,samochodem,samochodzie,samochodzie
77,świat,świat,świata,światu,świat,światem,świecie,świat
79,rano,rano,rana,ranu,rano,ranem,ranie,rano
80,halo,hala,hali,hali,halę,halą,hali,halo
82,śmierć,śmierć,śmierci,śmierci,śmierć,śmiercią,śmierci,śmierci!
83,ręka,ręka,ręki,ręce,rękę,ręką,ręce,ręko!
86,pytanie,pytanie,pytania,pytaniu,pytanie,pytaniem,pytaniu,pytanie
87,jeż,jeż,jeża,jeżowi,jeża,jeżem,jeżu,jeżu
89,saga,saga,sagi,sadze,sagę,sagą,sadze,sago
90,matka,matka,matki,matce,matkę,matką,matce,matko
91,Jan,Jan,Jana,Janowi,Jana,Janem,Janie,Janie
92,telefon,telefon,telefonu,telefonowi,telefon,telefonem,telefonie,telefonie
95,para,para,pary,parze,parę,parą,parze,paro
96,diabeł,diabeł,diabła,diabłu,diabła,diabłem,diable,diable!
97,kobieta,kobieta,kobiety,kobiecie,kobietę,kobietą,kobiecie,kobieto
100,dziewczyna,dziewczyna,dziewczyny,dziewczynie,dziewczynę,dziewczyną,dziewczynie,dziewczyno
101,pięć,piec,pieca,piecowi,piec,piecem,piecu,piecu
102,żona,żona,żony,żonie,żonę,żoną,żonie,żono
104,bóg,bóg,boga,bogowi,boga,bogiem,bogu,boże
105,wiara,wiara,wiary,wierze,wiarę,wiarą,wierze,wiaro
106,gra,gra,gry,grze,grę,grą,grze,gro
108,godzina,godzina,godziny,godzinie,godzinę,godziną,godzinie,godzino
110,wina,wina,winy,winie,winę,winą,winie,wino!
113,miłość,miłość,miłości,miłości,miłość,miłością,miłości,miłości
114,ziemia,ziemia,ziemi,ziemi,ziemię,ziemią,ziemi,ziemio
116,słowo,słowo,słowa,słowu,słowo,słowem,słowie,słowo!
117,czasem,czas,czasu,czasowi,czas,czasem,czasie,czas
118,gówno,gówno,gówna,gównu,gówno,gównem,gównie,gówno
120,chłopak,chłopak,chłopaka,chłopakowi,chłopaka,chłopakiem,chłopaku,chłopaku
121,doktor,doktor,doktora,doktorowi,doktora,doktorem,doktorze,doktor
123,wieczór,wieczór,wieczoru,wieczorowi,wieczór,wieczorem,wieczorze,wieczorze
125,serce,serce,serca,sercu,serce,sercem,sercu,serce!
126,powrót,powrót,powrotu,powrotowi,powrót,powrotem,powrocie,powrocie
128,plan,plan,planu,planowi,plan,planem,planie,planie
129,kapitan,kapitan,kapitana,kapitanowi,kapitana,kapitanem,kapitanie,kapitanie
130,ogolić,ogół,ogółu,ogółowi,ogół,ogółem,ogóle,ogóle
131,pół,pole,pola,polu,pole,polem,polu,pole
132,pojęcie,pojęcie,pojęcia,pojęciu,pojęcie,pojęciem,pojęciu,pojęcie
133,skarb,skarb,skarbu,skarbowi,skarb,skarbem,skarbie,skarbie
137,udać,udo,uda,udu,udo,udem,udzie,udo!
138,głowa,głowa,głowy,głowie,głowę,głową,głowie,głowo
139,szczęście,szczęście,szczęścia,szczęściu,szczęście,szczęściem,szczęściu,szczęście!
140,wyjście,wyjście,wyjścia,wyjściu,wyjście,wyjściem,wyjściu,wyjście
141,robota,robota,roboty,robocie,robotę,robotą,robocie,roboto!
142,syn,syn,syna,synowi,syna,synem,synu,synu
144,krew,krew,krwi,krwi,krew,krwią,krwi,krwi
146,ciało,ciało,ciała,ciału,ciało,ciałem,ciele,ciało
147,strona,strona,strony,stronie,stronę,stroną,stronie,strono!
149,miasto,miasto,miasta,miastu,miasto,miastem,mieście,miasto
150,tłumaczenie,tłumaczenie,tłumaczenia,tłumaczeniu,tłumaczenie,tłumaczeniem,tłumaczeniu,tłumaczenie
152,policja,policja,policji,policji,policję,policją,policji,policjo!
155,twarz,twarz,twarzy,twarzy,twarz,twarzą,twarzy,twarzy!
157,rodzina,rodzina,rodziny,rodzinie,rodzinę,rodziną,rodzinie,rodzino
158,środek ,środek,środka,środkowi,środek,środkiem,środku,środku!
160,droga,droga,drogi,drodze,drogę,drogą,drodze,drogo
161,szkoła,szkoła,szkoły,szkole,szkołę,szkołą,szkole,szkoło
163,rada,rada,rady,radzie,radę,radą,radzie,rado!
165,brat,brat,brata,bratu,brata,bratem,bracie,bracie
167,mąż,mąż,męża,mężowi,męża,mężem,mężu,mężu
168,część,część ,części,części,część,częścią,części,część
169,wieczorem,wieczór,wieczoru,wieczorowi,wieczór,wieczorem,wieczorze,wieczorze
170,woda,woda,wody,wodzie,wodę,wodą,wodzie,wodo
172,tydzień,tydzień,tygodnia,tygodniowi,tydzień,tygodniem,tygodniu,tygodniu!
173,wypadek,wypadek,wypadku,wypadkowi,wypadek,wypadkiem,wypadku,wypadku!
177,góra,góra,góry,górze,górę,górą,górze,góro
178,pokaz,pokaz,pokazu,pokazowi,pokaz,pokazem,pokazie,pokazie
180,robot,robot,robota,robotowi,robota,robotem,robocie,robocie
181,temat,temat,tematu,tematowi,temat,tematem,temacie,temacie
182,miesiąc,miesiąc,miesiąca,miesiącowi,miesiąc,miesiącem,miesiącu,miesiącu!
183,nazwisko,nazwisko,nazwiska,nazwisku,nazwisko,nazwiskiem,nazwisku,nazwisko
188,statek,statek,statku,statkowi,statek,statkiem,statku,statku
189,dół,dół,dołu,dołowi,dół,dołem,dole,dole!
190,spotkanie,spotkanie,spotkania,spotkaniu,spotkanie,spotkaniem,spotkaniu,spotkanie
194,wiedza,wiedza,wiedzy,wiedzy,wiedzę,wiedzą,wiedzy,wiedzo!
196,film,film,filmu,filmowi,film,filmem,filmie,film
197,kłopot,kłopot,kłopotu,kłopotowi,kłopot,kłopotem,kłopocie,kłopocie
199,szansa,szansa,szansy,szansie,szansę,szansą,szansie,szanso
200,chłopiec,chłopiec,chłopca,chłopcu,chłopca,chłopcem,chłopcu,chłopcze
201,przyjaciel,przyjaciel,przyjaciela,przyjacielowi,przyjaciela,przyjacielem,przyjacielu,przyjacielu!
203,szkoda,szkoda,szkody,szkodzie,szkodę,szkodą,szkodzie,szkodo
206,kraj,kraj,kraju,krajowi,kraj,krajem,kraju,kraju
207,dać,dal,dali,dali,dal,dalą,dali,dal
208,brak,brak,braku,brakowi,brak,brakiem,braku,braku
211,tom,tom,tomu,tomowi,tom,tomem,tomie,tomie
212,widzenie,widzenie,widzenia,widzeniu,widzenie,widzeniem,widzeniu,widzenie
218,przykład,przykład,przykładu,przykładowi,przykład,przykładem,przykładzie,przykładzie
219,powodzenie,powodzenie,powodzenia,powodzeniu,powodzenie,powodzeniem,powodzeniu,powodzenie
221,uwaga,uwaga,uwagi,uwadze,uwagę,uwagą,uwadze,uwago!
225,szef,szef,szefa,szefowi,szefa,szefem,szefie,szefie!
229,gość,gość,gościa,gościowi,gościa,gościem,gościu,gościu
230,chwileczka,chwileczka,chwileczki,chwileczce,chwileczkę,chwileczką,chwileczce,chwileczko
234,większość,większość,większości,większości,większość,większością,większości,większości
237,cel,cel,celu,celowi,cel,celem,celu,celu
238,początek,początek,początku,początkowi,początek,początkiem,początku,początku!
239,historia,historia,historii,historii,historię,historią,historii,historio
243,los,los,losu,losowi,los,losem,losie,losie
244,wiadomości,wiadomość,wiadomości,wiadomości,wiadomość,wiadomością,wiadomości,wiadomości!
245,noga,noga,nogi,nodze,nogę,nogą,nodze,nogo!
246,ulica,ulica,ulicy,ulicy,ulicę,ulicą,ulicy,ulico
248,jechać,jędza,jędzy,jędzy,jędzę,jedzą,jędzy,jędzo
249,wojna,wojna,wojny,wojnie,wojnę,wojną,wojnie,wojno!
250,ciąg,ciąg,ciągu,ciągowi,ciąg,ciągiem,ciągu,ciągu
251,okazja,okazja,okazji,okazji,okazję,okazją,okazji,okazjo!
257,wiek,wiek,wieku,wiekowi,wiek,wiekiem,wieku,wieku!
258,siostra,siostra,siostrze,siostrze,siostrę,siostrą,siostrze,siostro
260,córka,córka,córki,córce,córkę,córką,córce,córko
261,mężczyzna,mężczyzna,mężczyzny,mężczyźnie,mężczyznę,mężczyzną,mężczyźnie,mężczyzno
263,tyłek,tyłek,tyłka,tyłkowi,tyłek,tyłkiem,tyłku,tyłku
264,osoba,osoba,osoby,osobie,osobę,osobą,osobie,osobo
267,boleć,ból,bólu,bólowi,ból,bólem,bólu,bólu
268,moment,moment,momentu,momentowi,moment,momentem,momencie,momencie
273,wybór,wybór,wyboru,wyborowi,wybór,wyborem,wyborze,wyborze!
283,światło,światło,światła,światłu,światło,światłem,świetle,światło!
284,milion,milion,miliona,milionowi,milion,milionem,milionie,milionie
285,rozkaz,rozkaz,rozkazu,rozkazowi,rozkaz,rozkazem,rozkazie,rozkazie
286,odpowiedź,odpowiedź,odpowiedzi,odpowiedzi,odpowiedź,odpowiedzią,odpowiedzi,odpowiedzi
287,walka,walka,walki,walce,walkę,walką,walce,walko
288,głos,głos,głosu,głosowi,głos,głosem,głosie,głosie
289,zająć,zając,zająca,zającowi,zająca,zającem,zającu,zającu
290,szpital,szpital,szpitala,szpitalowi,szpital,szpitalem,szpitalu,szpitalu
292,samolot,samolot,samolotu,samolotowi,samolot,samolotem,samolocie,samolocie!
294,panna,panna,panny,pannie,pannę,panną,pannie,panno
295,centrum,centrum,centrum,centrum,centrum,centrum,centrum,centrum
297,taca,taca,tacy,tacy,tacę,tacą,tacy,taco
298,hotel,hotel,hotelu,hotelowi,hotel,hotelem,hotelu,hotelu
299,seks,seks,seksu,seksowi,seks,seksem,seksie,seksie
300,interes,interes,interesu,interesowi,interes,interesem,interesie,interesie
301,ogień,ogień,ognia,ogniowi,ogień,ogniem,ogniu,ogniu
302,reszta,reszta,reszty,reszcie,resztę,resztą,reszcie,reszto!
303,sen,sen,snu,snowi,sen,snem,śnie,śnie
305,moc,moc,mocy,mocy,moc,mocą,mocy,mocy
307,ból,ból,bólu,bólowi,ból,bólem,bólu,bólu
308,znaczenie,znaczenie,znaczenia,znaczeniu,znaczenie,znaczeniem,znaczeniu,znaczenie!
309,kolacja,kolacja,kolacji,kolacji,kolację,kolacją,kolacji,kolacjo
312,łóżko,łóżko,łóżka,łóżku,łóżko,łóżkiem,łóżku,łóżko!
315,pies,pies,psa,psu,psa,psem,psie,psie!
317,przyszłość,przyszłość,przyszłości,przyszłości,przyszłość,przyszłością,przyszłości,przyszłości!
318,jedzenie,jedzenie,jedzenia,jedzeniu,jedzenie,jedzeniem,jedzeniu,jedzenie
319,system,system,systemu,systemowi,system,systemem,systemie,systemie!
320,nieprawda,nieprawda,nieprawdy,nieprawdzie,nieprawdę,nieprawdą,nieprawdzie,nieprawdo!
321,biuro,biuro,biura,biuru,biuro,biurem,biurze,biuro
327,siła,siła,siły,sile,siłę,siłą,sile,siło
329,jajo,jajo,jaja,jaju,jajo,jajem,jaju,jajo
337,informacja,informacja,informacji,informacji,informację,informacją,informacji,informacjo
338,przyjść,przyjście,przyjścia,przyjściu,przyjście,przyjściem,przyjściu,przyjście
340,prezent,prezent,prezentu,prezentowi,prezent,prezentem,prezencie,prezencie!
341,klucz,klucz,klucza,kluczowi,klucz,kluczem,kluczu,kluczu
342,list,list,listu,listowi,list,listem,liście,liście!
343,wieść,wieść,wieści,wieści,wieść,wieścią,wieści,wieści
345,zamiar,zamiar,zamiaru,zamiarowi,zamiar,zamiarem,zamiarze,zamiarze!
351,oko,oko,oka,oku,oko,okiem,oku,oko
352,sens,sens,sensu,sensowi,sens,sensem,sensie,sensie
353,więzienie,więzienie,więzienia,więzieniu,więzienie,więzieniem,więzieniu,więzienie
354,przejść,przejście,przejścia,przejściu,przejście,przejściem,przejściu,przejście
355,potrzeba,potrzeba,potrzeby,potrzebie,potrzebę,potrzebą,potrzebie,potrzebo!
357,sytuacja,sytuacja,sytuacji,sytuacji,sytuację,sytuacją,sytuacji,sytuacjo
359,jazda,jazda,jazdy,jeździe,jazdę,jazdą,jeździe,jazdo
360,zasada,zasada,zasady,zasadzie,zasadę,zasadą,zasadzie,zasado
361,książka,książka,książki,książce,książkę,książką,książce,książko
363,bezpieczeństwo,bezpieczeństwo,bezpieczeństwa,bezpieczeństwu,bezpieczeństwo,bezpieczeństwem,bezpieczeństwie,bezpieczeństwo
366,obiad,obiad,obiadu,obiadowi,obiad,obiadem,obiedzie,obiedzie
370,drink,drink,drinka,drinkowi,drinka,drinkiem,drinku,drinku
371,atak,atak,ataku,atakowi,atak,atakiem,ataku,ataku
372,prezydent,prezydent,prezydenta,prezydentowi,prezydenta,prezydentem,prezydencie,prezydencie!
373,korekta,korekta,korekty,korekcie,korektę,korektą,korekcie,korekto
375,wersja,wersja,wersji,wersji,wersję,wersją,wersji,wersjo!
379,znak,znak,znaku,znakowi,znak,znakiem,znaku,znaku!
380,związek,związek,związku,związkowi,związek,związkiem,związku,związku
381,wola,wola,woli,woli,wolę,wolą,woli,wolo
382,król,król,króla,królowi,króla,królem,królu,królu!
384,generał,generał,generała,generałowi,generała,generałem,generale,generale
386,rodzic,rodzic,rodzica,rodzicowi,rodzica,rodzicem,rodzicu,rodzicu!
387,dzieciak,dzieciak,dzieciaka,dzieciakowi,dzieciaka,dzieciakiem,dzieciaku,dzieciaku
388,przyjęcie,przyjęcie,przyjęcia,przyjęciu,przyjęcie,przyjęciem,przyjęciu,przyjęcie
389,agent,agent,agenta,agentowi,agenta,agentem,agencie,agencie
390,zadanie,zadanie,zadania,zadaniu,zadanie,zadaniem,zadaniu,zadanie!
391,rodzaj,rodzaj,rodzaju,rodzajowi,rodzaj,rodzajem,rodzaju,rodzaju
392,wysokość,wysokość,wysokości,wysokości,wysokość,wysokością,wysokości,wysokości
396,zdanie,zdanie,zdania,zdaniu,zdanie,zdaniem,zdaniu,zdanie!
397,mózg,mózg,mózgu,mózgowi,mózg,mózgiem,mózgu,mózgu!
398,piwo,piwo,piwa,piwu,piwo,piwem,piwie,piwo
400,styl,styl,stylu,stylowi,styl,stylem,stylu,stylu!
401,por,por,pora,porowi,pora,porem,porze,porze
402,kawa,kawa,kawy,kawie,kawę,kawą,kawie,kawo
403,sygnał,sygnał,sygnału,sygnałowi,sygnał,sygnałem,sygnale,sygnale!
404,grupa,grupa,grupy,grupie,grupę,grupą,grupie,grupo
405,kolega,kolega,kolegi,koledze,kolegę,kolegą,koledze,kolego!
407,ślub,ślub,ślubu,ślubowi,ślub,ślubem,ślubie,ślubie
409,dupa,dupa,dupy,dupie,dupę,dupą,dupie,dupo
411,dowód,dowód,dowodu,dowodowi,dowód,dowodem,dowodzie,dowodzie
412,program,program,programu,programowi,program,programem,programie,programie
415,budynek,budynek,budynku,budynkowi,budynek,budynkiem,budynku,budynku
416,kawałek,kawałek,kawałka,kawałkowi,kawałek,kawałkiem,kawałku,kawałku
418,firma,firma,firmy,firmie,firmę,firmą,firmie,firmo
422,metr,metr,metra,metrowi,metr,metrem,metrze,metrze!
426,uczucie,uczucie,uczucia,uczuciu,uczucie,uczuciem,uczuciu,uczucie!
427,lekarz,lekarz,lekarza,lekarzowi,lekarza,lekarzem,lekarzu,lekarzu
431,adres,adres,adresu,adresowi,adres,adresem,adresie,adresie
433,rząd,rząd,rzędu,rzędowi,rząd,rządem,rządzie,rządzie
438,ruch,ruch,ruchu,ruchowi,ruch,ruchem,ruchu,ruchu
440,sad,sad,sadu,sadowi,sad,sadem,sadzie,sadzie
444,ciąża,ciąża,ciąży,ciąży,ciążę,ciążą,ciąży,ciążo!
445,zimno,zimno,zimna,zimnu,zimno,zimnem,zimnie,zimno!
449,weekend,weekend,weekendu,weekendowi,weekend,weekendem,weekendzie,weekendzie
450,kontakt,kontakt,kontaktu,kontaktowi,kontakt,kontaktem,kontakcie,kontakcie!
451,kość,kość,kości,kości,kość,kością,kości,kości
452,pobliże,pobliże,pobliża,pobliżu,pobliże,pobliżem,pobliżu,pobliże!
453,telewizja,telewizja,telewizji,telewizji,telewizję,telewizją,telewizji,telewizjo
454,morderstwo,morderstwo,morderstwa,morderstwu,morderstwo,morderstwem,morderstwie,morderstwo
455,okno,okno,okna,oknu,okno,oknem,oknie,okno
457,podróż,podróż,podróży,podróży,podróż,podróżą,podróży,podróży!
458,kolej,kolej,kolei,kolei,kolej,koleją,kolei,kolei
459,laboratorium,laboratorium,laboratorium,laboratorium,laboratorium,laboratorium,laboratorium,laboratorium
460,powiedzenie,powiedzenie,powiedzenia,powiedzeniu,powiedzenie,powiedzeniem,powiedzeniu,powiedzenie
461,mieszkanie,mieszkanie,mieszkania,mieszkaniu,mieszkanie,mieszkaniem,mieszkaniu,mieszkanie
463,ochota,ochota,ochoty,ochocie,ochotę,ochotą,ochocie,ochoto
464,zespół,zespół,zespołu,zespołowi,zespół,zespołem,zespole,zespole!
466,święto,święto,święta,świętu,święto,świętem,święcie,święto!
467,badanie,badanie,badania,badaniu,badanie,badaniem,badaniu,badanie
468,wóz,wóz,wozu,wozowi,wóz,wozem,wozie,wozie
469,USA,USA,USA,USA,USA,USA,USA,USA
470,wrażenie,wrażenie,wrażenia,wrażeniu,wrażenie,wrażeniem,wrażeniu,wrażenie!
472,ślad,ślad,śladu,śladowi,ślad,śladem,śladzie,śladzie
474,linia,linia,linii,linii,linię,linią,linii,linio
476,fakt,fakt,faktu,faktowi,fakt,faktem,fakcie,fakt
477,śniadanie,śniadanie,śniadania,śniadaniu,śniadanie,śniadaniem,śniadaniu,śniadanie
479,odbiór,odbiór,odbioru,odbiorowi,odbiór,odbiorem,odbiorze,odbiorze
480,karta,karta,karty,karcie,kartę,kartą,karcie,karto
481,mistrz,mistrz,mistrza,mistrzowi,mistrza,mistrzem,mistrzu,mistrzu!
485,obraz,obraz,obrazu,obrazowi,obraz,obrazem,obrazie,obrazie
487,możliwość,możliwość,możliwości,możliwości,możliwość,możliwością,możliwości,możliwości!
488,przyjemność,przyjemność,przyjemności,przyjemności,przyjemność,przyjemnością,przyjemności,przyjemności!
491,ofiara,ofiara,ofiary,ofierze,ofiarę,ofiarą,ofierze,ofiaro
492,słońce,słońce,słońca,słońcu,słońce,słońcem,słońcu,słońce
497,udział,udział,udziału,udziałowi,udział,udziałem,udziale,udziale
498,mecz,mecz,meczu,meczowi,mecz,meczem,meczu,meczu
499,kuchnia,kuchnia,kuchni,kuchni,kuchnię,kuchnią,kuchni,kuchnio
500,zabawa,zabawa,zabawy,zabawie,zabawę,zabawą,zabawie,zabawo
501,bank,bank,banku,bankowi,bank,bankiem,banku,banku!
503,zgoda,zgoda,zgody,zgodzie,zgodę,zgodą,zgodzie,zgodo
505,krok,krok,kroku,krokowi,krok,krokiem,kroku,kroku
506,kasa,kasa,kasy,kasie,kasę,kasą,kasie,kaso
507,dno,dno,dna,dnu,dno,dnem,dnie,dnie
508,kod,kod,kodu,kodowi,kod,kodem,kodzie,kodzie
515,akcja,akcja,akcji,akcji,akcję,akcją,akcji,akcjo
517,teren,teren,terenu,terenowi,teren,terenem,terenie,terenie
518,towar,towar,towaru,towarowi,towar,towarem,towarze,towarze
520,łódź,łódź,łodzi,łodzi,łódź,łodzią,łodzi,łodzi
521,dziewczynka,dziewczynka,dziewczynki,dziewczynce,dziewczynkę,dziewczynką,dziewczynce,dziewczynko
525,powietrze,powietrze,powietrza,powietrzu,powietrze,powietrzem,powietrzu,powietrze!
526,poziom,poziom,poziomu,poziomowi,poziom,poziomem,poziomie,poziomie!
527,lunch,lunch,lunchu,lunchowi,lunch,lunchem,lunchu,lunchu
528,muzyka,muzyka,muzyki,muzyce,muzykę,muzyką,muzyce,muzyko
529,kierunek,kierunek,kierunku,kierunkowi,kierunek,kierunkiem,kierunku,kierunku!
530,żart,żart,żartu,żartowi,żart,żartem,żarcie,żarcie
533,zdrowie,zdrowie,zdrowia,zdrowiu,zdrowie,zdrowiem,zdrowiu,zdrowie!
534,mila,mila,mili,mili,milę,milą,mili,milo
537,niespodzianka,niespodzianka,niespodzianki,niespodziance,niespodziankę,niespodzianką,niespodziance,niespodzianko
538,widok,widok,widoku,widokowi,widok,widokiem,widoku,widoku!
539,przód,przód,przodu,przodowi,przód,przodem,przodzie,przodzie!
544,ochrona,ochrona,ochorony,ochronie,ochronę,ochroną,ochronie,ochrono
545,test,test,testu,testowi,test,testem,teście,teście!
548,strach,strach,strachu,strachowi,strach,strachem,strachu,strachu
549,rozmowa,rozmowa,rozmowy,rozmowie,rozmowę,rozmową,rozmowie,rozmowo
553,pociąg,pociąg,pociągu,pociągowi,pociąg,pociągiem,pociągu,pociągu
554,państwo,państwo,państwa,państwu,państwo,państwem,państwie,państwo
556,przypadek,przypadek,przypadku,przypadkowi,przypadek,przypadkiem,przypadku,przypadku!
560,alarm,alarm,alarmu,alarmowi,alarm,alarmem,alarmie,alarmie
565,iż,Iza,Izy,Izie,Izę,Izą,Izie,Izo
567,operacja,operacja,operacji,operacji,operację,operacją,operacji,operacjo
568,jakość,jakość,jakości,jakości,jakość,jakością,jakości,jakości!
569,kotek,kotek,kotka,kotkowi,kotka,kotkiem,kotku,kotku
571,decyzja,decyzja ,decyzji,decyzji,decyzję,decyzją,decyzji,decyzjo!
572,szaleństwo,szaleństwo,szaleństwa,szaleństwu,szaleństwo,szaleństwem,szaleństwie,szaleństwo
573,język,język,języka,językowi,język,językiem,języku,język
575,wiec,wiec,wiecu,wiecowi,wiec,wiecem,wiecu,wiecu
576,wzgląd,wzgląd,względu,względowi,wzgląd,wzglądem,względzie,względzie
577,układ,układ,układu,układowi,układ,układem,układzie,układzie
586,wynik,wynik,wyniku,wynikowi,wynik,wynikiem,wyniku,wyniku!
588,niebo,niebo,nieba,niebu,niebo,niebem,niebie,niebo
589,południe,południe,południa,południu,południe,południem,południu,południe!
590,armia,armia,armii,armii,armię,armią,armii,armio
591,punkt,punkt,punktu,punktowi,punkt,punktem,punkcie,punkcie
592,stopa,stopa,stopy,stopie,stopę,stopą,stopie,stopo!
601,umysł,umysł,umysłu,umysłowi,umysł,umysłem,umyśle,umyśle
602,detektyw,detektyw,detektywa,detektywowi,detektywa,detektywem,detektywie,detektywie!
603,koń,koń,konia,koniowi,konia,koniem,koniu,koniu!
604,zmiana,zmiana,zmiany,zmianie,zmianę,zmianą,zmianie,zmiano!
605,różnica,różnica,różnicy,różnicy,różnicę,różnicą,różnicy,różnico
606,lista,lista,listy,liście,listę,listą,liście,listo!
607,wujek,wujek,wujka,wujkowi,wujka,wujkiem,wujku,wujku!
608,nóż,nóż,noża,nożowi,nóż,nożem,nożu,nożu
610,radio,radio,radia,radiu,radio,radiem,radiu / radio,radio
615,wolność,wolność,wolności,wolności,wolność,wolnością,wolności,wolności!
617,okolica,okolica,okolicy,okolicy,okolicę,okolicą,okolicy,okolico!
621,północ,północ,północy,północy,północ,północą,północy,północy
623,pokład,pokład,pokładu,pokładowi,pokład,pokładem,pokładzie,pokładzie
624,cisza,cisza,ciszy,ciszy,ciszę,ciszą,ciszy,ciszo!
625,klasa,klasa,klasy,klasie,klasę,klasą,klasie,klaso
626,nos,nos,nosa,nosowi,nos,nosem,nosie,nosie!
627,szlag,szlag,szlag,szlag,szlag,szlag,szlag,szlag
629,sala,sala,sali,sali,salę,salą,sali,salo!
632,pamięć,pamięć,pamięci,pamięci,pamięć,pamięcią,pamięci,pamięci
637,tatuś,tatuś,tatusia,tatusiowi,tatusia,tatusiem,tatusiu,tatusiu
638,przeszłość,przeszłość,przeszłości,przeszłości,przeszłość,przeszłością,przeszłości,przeszłości
640,ubranie,ubranie,ubrania,ubraniu,ubranie,ubraniem,ubraniu,ubranie!
641,sklep,sklep,sklepu,sklepowi,sklep,sklepem,sklepie,sklepie
643,baza,baza,bazy,bazie,bazę,bazą,bazie,bazo
647,piątek,piątek,piątku,piątkowi,piątek,piątkiem,piątku,piątku
649,randka,randka,randki,randce,randkę,randką,randce,randko!
651,pieprz,pieprz,pieprzu,pieprzowi,pieprz,pieprzem,pieprzu,pieprzu
652,miecz,miecz,miecza,mieczowi,miecz,mieczem,mieczu,mieczu
654,kieszeń,kieszeń,kieszeni,kieszeni,kieszeń,kieszenią,kieszeni,kieszeni
659,żołnierz,żołnierz,żołnierza,żołnierzowi,żołnierza,żołnierzem,żołnierzu,żołnierzu
660,sprzęt,sprzęt,sprzętu,sprzętowi,sprzęt,sprzętem,sprzęcie,sprzęcie
662,dostęp,dostęp,dostępu,dostępowi,dostęp,dostępem,dostępie,dostępie!
665,dzwon,dzwon,dzwonu,dzwonowi,dzwon,dzwonem,dzwonie,dzwon
667,małżeństwo,małżeństwo,małżeństwa,małżeństwu,małżeństwo,małżeństwem,małżeństwie,małżeństwo
669,komputer,komputer,komputera,komputerowi,komputer,komputerem,komputerze,komputerze
670,auto,auto,auta,autu,auto,autem,aucie,auto
671,kwiat,kwiat,kwiatu,kwiatu,kwiat,kwiatem,kwiecie,kwiecie!
672,Ameryka,Ameryka,Ameryki,Ameryce,Amerykę,Ameryką,Ameryce,Ameryko!
673,wiatr,wiatr,waitru,wiatrowi,wiatr,wiatrem,wietrze,wietrze
677,energia,energia,energii,energii,energię,energią,energii,energio!
679,misja,misja,misji,misji,misję,misją,misji,misjo
682,piłka,piłka,piłki,piłce,piłkę,piłką,piłce,piłko
684,stacja,stacja,stacji,stacji,stację,stacją,stacji,stacjo
685,cena,cena,ceny,cenie,cenę,ceną,cenie,ceno
687,pole,pole,pola,polu,pole,polem,polu,pole
689,zapach,zapach,zapachu,zapachowi,zapach,zapachem,zapachu,zapachu
691,oddział,oddział,oddziału,oddziałowi,oddział,oddziałem,oddziale,oddziale
698,kontrola,kontrola,kontroli,kontroli,kontrolę,kontrolą,kontroli,kontrolo
699,bzdura,bzdura,bzdury,bzdurze,bzdurę,bzdurą,bzdurze,bzduro
700,duch,duch,ducha,duchowi,ducha,duchem,duchu,duch
702,profesor,profesor,profesora,profesorowi,profesora,profesorem,profesorze,profesorze
703,lot,lot,lotu,lotowi,lot,lotem,locie,locie!
710,móc,moc,mocy,mocy,moc,mocą,mocy,mocy
712,umowa,umowa,umowy,umowie,umowę,umową,umowie,umowo
716,śmieć,śmieć,śmiecia,śmieciowi,śmieć,śmieciem,śmieciu,śmieciu!
717,restauracja,restauracja,restauracji,restauracji,restaurację,restauracją,restauracji,restauracjo
718,danie,danie,dania,daniu,danie,daniem,daniu,danie
723,kurs,kurs,kursu,kursowi,kurs,kursem,kursie,kursie
724,dokument,dokument,dokumentu,dokumentowi,dokument,dokumentem,dokumencie,dokumencie!
726,przeznaczenie,przeznaczenie,przeznaczenia,przeznaczeniu,przeznaczenie,przeznaczeniem,przeznaczeniu,przeznaczenie
728,dusza,dusza,duszy,duszy,duszę,duszą,duszy,duszo
729,samobójstwo,samobójstwo,samobójstwa,samobójstwu,samobójstwo,samobójstwem,samobójstwie,samobójstwo!
730,rzeka,rzeka,rzeki,rzece,rzekę,rzeką,rzece,rzeko
733,zwierzę,zwierzę,zwierzęcia,zwierzęciu,zwierzę,zwierzęciem,zwierzęciu,zwierzę!
735,gwiazda,gwiazda,gwiazdy,gwieździe,gwiazdę,gwiazdą,gwieździe,gwiazdo!
737,wino,wino,wina,winu,wino,winem,winie,wino
739,ryba,ryba,ryby,rybie,rybę,rybą,rybie,rybo
742,las,las,lasu,lasowi,las,lasem,lesie,lesie
743,połowa,połowa,połowy,połowie,połowę,połową,połowie,połowo
744,proces,proces,procesu,procesowi,proces,procesem,procesie,procesie
745,okoliczność,okoliczność,okoliczności,okoliczności,okoliczność,okolicznością,okoliczności,okoliczności
746,książę,książę,księcia,księciu,księcia,księciem,księciu,książę
747,bar,bar,baru,barowi,bar,barem,barze,barze
749,kościół,kościół,kościoła,kościołowi,kościół,kościołem,kościele,kościele
751,kwestia,kwestia,kwestii,kwestii,kwestię,kwestią,kwestii,kwestio
752,Anglia,Anglia,Anglii,Anglii,Anglię,Anglią,Anglii,Anglio
753,bohater,bohater,bohatera,bohaterowi,bohatera,bohaterem,bohaterze,bohaterze!
755,wątpliwość,wątpliwość,wątpliwości,wątpliwości,wątpliwość,wątpliwością,wątpliwości,wątpliwości
757,suma,suma,sumy,sumie,sumę,sumą,sumie,sumo
759,dach,dach,dachu,dachowi,dach,dachem,dachu,dach
762,zachód,zachód,zachodu,zachodowi,zachód,zachodem,zachodzie,zachodzie
763,Robert,Robert,Roberta,Robertowi,Roberta,Robertem,Robercie,Robercie
764,sztuka,sztuka,sztuki,sztuce,sztukę,sztuką,sztuce,sztuko
767,stół,stół,stołu,stołowi,stół,stołem,stole,stole
768,plaża,plaża,plaży,plązy,plażę,plażą,plaży,plażo!
769,park,park,parku,parkowi,park,parkiem,parku,parku!
776,obrona,obrona,obrony,obronie,obronę,obroną,obronie,obrono
777,pozwolenie,pozwolenie,pozwolenia,pozwoleniu,pozwolenie,pozwoleniem,pozwoleniu,pozwolenie
782,impreza,impreza,imprezy,imprezie,imprezę,imprezą,imprezie,imprezo
784,Jacek,Jacek,Jacka,Jackowi,Jacka,Jackiem,Jacku,Jacku
786,władza,władza,władzy,władzy,władzę,władzą,władzy,władzo
789,bilet,bilet,biletu,biletowi,bilet,biletem,bilecie,bilecie
790,Jezus,Jezus,Jezusa,Jezusowi,Jezusa,Jezusem,Jezusie,Jezusie
793,jednostka,jednostka,jednostki,jednostce,jednostkę,jednostką,jednostce,jednostko
794,dziadek,dziadek,dziadka,dziadkowi,dziadka,dziadkiem,dziadku,dziadku
799,projekt,projekt,projektu,projektowi,projekt,projektem,projekcie,projekcie
801,kamera,kamera,kamery,kamerze,kamerę,kamerą,kamerze,kamero
804,babcia,babcia,babci,babci,babcię,babcią,babci,babciu!
805,klub,klub,klubu,klubowi,klub,klubem,klubie,klubie
810,kolor,kolor,koloru,kolorowi,kolor,kolorem,kolorze,kolorze
812,drzewo,drzewo,drzewa,drzewu,drzewo,drzewem,drzewie,drzewo
813,wschód,wschód,wschodu,wschodowi,wschód,wschodem,wschodzie,wschodzie
814,klient,klient,klienta,klientowi,klienta,klientem,kliencie,kliencie!
816,uśmiech,uśmiech,uśmiechu,uśmiechowi,uśmiech,uśmiechem,uśmiechu,uśmiechu
817,pomyłka,pomyłka,pomyłki,pomyłce,pomyłkę,pomyłką,pomyłce,pomyłko!
818,wyjątek,wyjątek,wyjątku,wyjątkowi,wyjątek,wyjątkiem,wyjątku,wyjątku
821,kolano,kolano,kolana,kolanu,kolano,kolanem,kolanie,kolanie
822,przeżyć,przeżycie,przeżycia,przeżyciu,przeżycie,przeżyciem,przeżyciu,przeżycie
823,drużyna,drużyna,drużyny,drużynie,drużynę,drużyną,drużynie,drużyno
824,wsparcie,wsparcie,wsparcia,wsparciu,wsparcie,wsparciem,wsparciu,wsparcie
825,major,major,majora,majorowi,majora,majorem,majorze,majorze
829,zajęcia,zajęcie,zajęcia,zajęciu,zajęcie,zajęciem,zajęciu,zajęcie!
830,rak,rak,raka,rakowi,raka,rakiem,raku,raku
832,dar,dar,daru,darowi,dar,darem,darze,darze
835,luka,luka,luki,luce,lukę,luką,luce,luko!
838,próba,próba,próby,próbie,próbę,próbą,próbie,próbo
840,pierś,pierś,piersi,piersi,pierś,piersią,piersi,piersi!
846,wyspa,wyspa,wyspy,wyspie,wyspę,wyspą,wyspie,wyspo
851,szacunek,szacunek,szacunku,szacunkowi,szacunek,szacunkiem,szacunku,szacunku
856,poczucie,poczucie,poczucia,poczuciu,poczucie,poczuciem,poczuciu,poczucie
858,Francja,Francja,Francji,Francji,Francję,Francją,Francji,Francjo
860,bok,bok,boku,bokowi,bok,bokiem,boku,boku
861,działanie,działanie,działania,działaniu,działanie,działaniem,działaniu,działanie
862,ucho,ucho,ucha,uchu,ucho,uchem,uchu,ucho!
863,cud,cud,cudu,cudowi,cud,cudem,cudzie,cudzie
867,zachowanie,zachowanie,zachowania,zachowaniu,zachowanie,zachowaniem,zachowaniu,zachowanie
869,przyjaciółka,przyjaciółka,przyjaciółki,przyjaciółce,przyjaciółkę,przyjaciółką,przyjaciółce,przyjaciółko!
872,ciśnienie,ciśnienie,ciśnienia,ciśnieniu,ciśnienie,ciśnieniem,ciśnieniu,ciśnienie
875,kamień,kamień,kamienia,kamieniowi,kamień,kamieniem,kamieniu,kamieniu
876,autobus,autobus,autobusu,autobusowi,autobus,autobusem,autobusie,autobusie
878,rachunek,rachunek,rachunku,rachunkowi,rachunek,rachunkiem,rachunku,rachunku!
879,liceum,liceum,liceum,liceum,liceum,liceum,liceum,liceum
881,ściana,ściana,ściany,ścianie,ścianę,ścianą,ścianie,ściano
884,zrobienie,zrobienie,zrobienia,zrobieniu,zrobienie,zrobieniem,zrobieniu,zrobienie
888,dzielić,dzieło,dzieła,dziełu,dzieło,dziełem,dziełu,dzieło
890,scenariusz,scenariusz,scenariusza,scenariuszowi,scenariusz,scenariuszem,scenariuszu,scenariuszu
891,Helena,Helena,Heleny,Helenie,Helenę,Heleną,Helenie,Heleno
895,sąd,sąd,sądu,sądowi,sąd,sądem,sądzie,sądzie
896,chłop,chłop,chłopa,chłopu,chłopa,chłopem,chłopie,chłopie
897,ciemność,ciemność,ciemności,ciemności,ciemność,ciemnością,ciemności,ciemności
899,pozycja,pozycja,pozycji,pozycji,pozycję,pozycją,pozycji,pozycjo!
900,przedstawienie,przedstawienie,przedstawienia,przedstawieniu,przedstawienie,przedstawieniem,przedstawieniu,przedstawienie
906,palec,palec,palca,palcowi,palec,palcem,palcu,palcu!
907,idiota,idiota,idioty,idiocie,idiotę,idiotą,idiocie,idioto
913,prysznic,prysznic,prysznica,prysznicowi,prysznic,prysznicem,prysznicu,prysznicu
914,ramię,ramię,ramienia,ramieniu,ramię,ramieniem,ramieniu,ramię!
915,mamusia,mamusia,mamusi,mamusi,mamusię,mamusią,mamusi,mamusiu
917,piwnica,piwnica,piwnicy,piwnicy,piwnicę,piwnicą,piwnicy,piwnico!
918,zegarek,zegarek,zegarka,zegarkowi,zegarek,zegarkiem,zegarku,zegarku
919,stopień,stopień,stopnia,stopniowi,stopień,stopniem,stopniu,stopniu!
921,połączenie,połączenie,połączenia,połączeniu,połączenie,połączeniem,połączeniu,połączenie
922,plus,plus,plusa,plusowi,plus,plusem,plusie,plusie!
923,przerwa,przerwa,przerwy,przerwie,przerwę,przerwą,przerwie,przerwo
926,urządzenie,urządzenie,urządzenia,urządzeniu,urządzenie,urządzeniem,urządzeniu,urządzenie!
928,lotnisko,lotnisko,lotniska,lotnisku,lotnisko,lotniskiem,lotnisku,lotnisko!
932,poniedziałek,poniedziałek,poniedziałku,poniedziałkowi,poniedziałek,poniedziałkiem,poniedziałku,poniedziałku
935,Adam,Adam,Adama,Adamowi,Adama,Adamem,Adamie,Adamie
936,tajemnica,tajemnica,tajemnicy,tajemnicy,tajemnicę,tajemnicą,tajemnicy,tajemnico
938,odpowiedzieć,odpowiedź,odpowiedzi,odpowiedzi,odpowiedź,odpowiedzią,odpowiedzi,odpowiedzi
941,trakt,trakt,traktu,traktowi,trakt,traktem,trakcie,trakcie
942,gazeta,gazeta,gazety,gazecie,gazetę,gazetą,gazecie,gazeto
943,okres,okres,okresu,okresowi,okres,okresem,okresie,okresie!
946,rzeczywistość,rzeczywistość,rzeczywistości,rzeczywistości,rzeczywistość,rzeczywistością,rzeczywistości,rzeczywistości
953,komórka,komórka,komórki,komórce,komórkę,komórką,komórce,komórko
955,piosenka,piosenka,piosenki,piosence,piosenkę,piosenką,piosence,piosenko!
958,królowa,królowa,królowej,królowej,królową,królową,królowej,królowo
960,łazienka,łazienka,łazienki,łazience,łazienkę,łazienką,łazience,łazienko
961,taniec,taniec,tańca,tańcowi,taniec,tańcem,tańcu,tańcu
964,herbata,herbata,herbaty,harbacie,herbatę,herbatą,herbacie,herbato
965,dźwięk,dźwięk,dźwięku,dźwiękowi,dźwięk,dźwiękiem,dźwięku,dźwięku
966,wspomnienie,wspomnienie,wspomnienia,wspomnieniu,wspomnienie,wspomnieniem,wspomnieniu,wspomnienie
967,kłamstwo,kłamstwo,kłamstwa,kłamstwu,kłamstwo,kłamstwem,kłamstwie,kłamstwo
968,lek,lek,leku,lekowi,lek,lekiem,leku,leku
969,nagroda,nagroda,nagrody,nagrodzie,nagrodę,nagrodą,nagrodzie,nagrodo!
973,wywiad,wywiad,wywiadu,wywiadowi,wywiad,wywiadem,wywiadzie,wywiadzie
974,wstyd,wstyd,wstydu,wstydowi,wstyd,wstydem,wstydzie,wstydzie!
977,muzeum,muzeum,muzeum,muzeum,muzeum,muzeum,muzeum,muzeum
979,rząd,rząd,rządu,rządowi,rząd,rządem,rządzie,rządzie
980,Julia,Julia,Julii,Julii,Julię,Julią,Julii,Julio
981,Marta,Marta,Marty,Marcie,Martę,Martą,Marcie,Marto
985,talent,talent,talentu,talentowi,talent,talentem,talencie,talencie
991,ksiądz,ksiądz,księdza,księdzu,księdza,księdzem,księdzu,księże
995,wymiar,wymiar,wymiaru,wymiarowi,wymiar,wymiarem,wymiarze,wymiarze
997,zwycięstwo,zwycięstwo,zwycięstwa,zwycięstwu,zwycięstwo,zwycięstwem,zwycięstwie,zwycięstwo
998,rozwiązanie,rozwiązanie,rozwiązania,rozwiązaniu,rozwiązanie,rozwiązaniem,rozwiązaniu,rozwiązanie!
1002,wydział,wydział,wydziału,wydziałowi,wydział,wydziałem,wydziale,wydziale!
1003,materiał,materiał,materiału,materiałowi,materiał,materiałem,materiale,materiale!
1006,walc,walc,walca,walcowi,walc,walcem,walcu,walcu
1007,oficer,oficer,oficera,oficerowi,oficera,oficerem,oficerze,oficerze
1012,sypialnia,sypialnia,sypialni,sypialni,sypialnię,sypialnią,sypialni,sypialnio
1013,szczegół,szczegół,szczegółu,szczegółowi,szczegół,szczegółem,szczególe,szczególe!
1014,Paryż,Paryż,Paryża,Paryżowi,Paryż,Paryżem,Paryżu,Paryżu
1015,Londyn,Londyn,Londynu,Londynowi,Londyn,Londynem,Londynie,Londynie
1020,poprawka,poprawka,poprawki,poprawce,poprawkę,poprawką,poprawce,poprawko
1022,nakaz,nakaz,nakazu,nakazowi,nakaz,nakazem,nakazie,nakazie
1023,deszcz,deszcz,deszczu,deszczowi,deszcz,deszcze,deszczu,deszczu
1025,koszmar,koszmar,koszmaru,koszmarowi,koszmar,koszmarem,koszmarze,koszmarze
1027,spod,spód,spodu,spodowi,spód,spodem,spodzie,spodzie
1030,rola,rola,roli,roli,rolę,rolą,roli,rolo
1032,włos,włos,włosa,włosowi,włos,włosem,włosie,włosie!
1035,pogrzeb,pogrzeb,pogrzebu,pogrzebowi,pogrzeb,pogrzebem,pogrzebie,pogrzebie
1036,sieć,sieć,sieci,sieci,sieć,siecią,sieci,sieci
1038,podstawa,podstawa,podstawy,podstawie,podstawę,podstawą,podstawie,podstawo!
1039,odrobina,odrobina,odrobiny,odrobinie,odrobinę,odrobiną,odrobinie,odrobino
1040,zejść,zejście,zejścia,zejściu,zejście,zejściem,zejściu,zejście
1041,Maria,Maria,Marii,Marii,Marię,Marią,Marii,Mario
1046,róg,róg,rogu,rogowi,róg,rogiem,rogu,rogu!
1049,cola,cola,coli,coli,colę,colą,coli,colo
1050,piętro,piętro,piętra,piętru,piętro,piętrem,piętrze,piętro!
1052,strata,strata,straty,stracie,stratę,stratą,stracie,strato
1056,artykuł,artykuł,artykułu,artykułowi,artykuł,artykułem,artykule,artykule
1057,spacer,spacer,spaceru,spacerowi,spacer,spacerem,spacerze,spacerze
1058,but,but,buta,butowi,but,butem,bucie,bucie
1059,kula,kula,kuli,kuli,kulę,kulą,kuli,kulo
1060,typ,typ,typu,typowi,typ,typem,typie,typie!
1061,kilometr,kilometr,kilometra,kilometrowi,kilometr,kilometrem,kilometrze,kilometrze
1065,przejście,przejście,przejścia,przejściu,przejście,przejściem,przejściu,przejście
1068,księżyc,księżyc,księżyca,księżycowi,księżyc,księżycem,księżycu,księżycu
1072,widz,widz,widza,widzowi,widza,widzem,widzu,widzu
1073,zamek,zamek,zamku,zamkowi,zamek,zamkiem,zamku,zamku
1076,Amerykanin,Amerykanin,Amerykanina,Amerykaninowi,Ameryknina,Amerykaninem,Amerykanie,Amerykanie
1080,warunek,warunek,warunku,warunkowi,warunek,warunkiem,warunku,warunku!
1081,łapa,łapa,łapy,łapie,łapę,łapą,łapie,łapo
1086,kot,kot,kota,kotu,kota,kotem,kocie,kocie
1087,rock,rock,rocka,rockowi,rocka,rockiem,rocku,rocku
1088,gaz,gaz,gazu,gazowi,gaz,gazem,gazie,gazie
1089,czwartek,czwartek,czwartku,czwartkowi,czwartek,czwartkiem,czwartku,czwartek
1091,granica,granica,granicy,granicy,granicę,granicą,granicy,granico!
1092,pacjent,pacjent,pacjenta,pacjentowi,pacjenta,pacjentem,pacjencie,pacjencie
1094,tytuł,tytuł,tytułu,tytułowi,tytuł,tytułem,tytule,tytule!
1097,źródło,źródło,źródła,źródłu,źródło,źródłem,źródle,źródło
1099,obecność,obecność,obecności,obecności,obecność,obecnością,obecności,obecności
1100,wojsko,wojsko,wojska,wojsku,wojsko,wojskiem,wojsku,wojsko
1101,ilość,ilość,ilości,ilości,ilość,ilością,ilości,ilości
1102,sędzia,sędzia,sędziego/sędzi,sędziemu/sędzi,sędziego/sędzię,sędzią,sędzim/sędzi,sędzi
1103,towarzystwo,towarzystwo,towarzystwa,towarzystwu,towarzystwo,towarzystwem,towarzystwie,towarzystwo
1106,ranek,ranek,ranka,rankowi,ranek,rankiem,ranku,ranku
1107,marzenie,marzenie,marzenia,marzeniu,marzenie,marzeniem,marzeniu,marzenie
1108,sukces,sukces,sukcesu,sukcesowi,sukces,sukcesem,sukcesie,sukcesie!
1109,procent,procent,procenta,procentowi,procent,procentem,procencie,procencie
1110,doświadczenie,doświadczenie,doświadczenia,doświadczeniu,doświadczenie,doświadczeniem,doświadczeniu,doświadczenie!
1112,obóz,obóz,obozu,obozowi,obóz,obozem,obozie,obozie
1114,nagranie,nagranie,nagrania,nagraniu,nagranie,nagraniem,nagraniu,nagranie!
1117,picie,picie,picia,piciu,picie,piciem,piciu,picie
1118,bałagan,bałagan,bałaganu,bałaganowi,bałagan,bałaganem,bałaganie,bałaganie!
1119,biznes,biznes,biznesu,biznesowi,biznes,biznesem,biznesie,biznesie
1121,czek,czek,czeku,czekowi,czek,czekiem,czeku,czeku
1122,pas,pas,pasa,pasowi,pas,pasem,pasie,pasie
1123,sobota,sobota,soboty,sobocie,sobotę,sobotą,sobocie,soboto
1125,nauka,nauka,nauki,nauce,naukę,nauką,nauce,nauko!
1127,stanowisko,stanowisko,stanowiska,stanowisku,stanowisko,stanowiskiem,stanowisku,stanowisko!
1130,butelka,butelka,butelki,butelce,butelkę,butelką,butelce,butelko
1138,dyrektor,dyrektor,dyrektora,dyrektorowi,dyrektora,dyrektorem,dyrektorze,dyrektorze!
1139,torba,torba,torby,torbie,torbę,torbą,torbie,torbo
1140,kupa,kupa,kupy,kupie,kupę,kupą,kupie,kupo
1141,papier,papier,papieru,papierowi,papier,papierem,papierze,papierze
1142,lasek,lasek,lasku,laskowi,lasek,laskiem,lasku,lasku
1143,zaproszenie,zaproszenie,zaproszenia,zaproszeniu,zaproszenie,zaproszeniem,zaproszeniu,zaproszenie!
1145,mięso,mięso,mięsa,mięsu,mięso,mięsem,mięsie,mięso
1146,kontrakt,kontrakt,kontraktu,kontraktowi,kontrakt,kontraktem,kontrakcie,kontrakcie!
1149,podłoga,podłoga,podłogi,podłodze,podłogę,podłogą,podłodze,podłogo!
1150,morze,morze,morza,morzu,morze,morzem,morzu,morzu
1151,jajko,jajko,jajka,jajku,jajko,jajkiem,jajku,jajko
1155,zasięg,zasięg,zasięgu,zasięgowi,zasięg,zasięgiem,zasięgu,zasięgu!
1159,dojść,dojście,dojścia,dojściu,dojście,dojściem,dojściu,dojście
1160,prawo,prawo,prawa,prawu,prawo,prawem,prawie,prawo
1165,pustynia,pustynia,pustyni,pustyni,pustynię,pustynią,pustyni,pustynio
1169,choroba,choroba,choroby,chorobie,chorobę,chorobą,chorobie,chorobo!
1170,odpowiedzialność,odpowiedzialność,odpowiedzialności,odpowiedzialności,odpowiedzialność,odpowiedzialnością,odpowiedzialności,odpowiedzialności
1172,umiejętność,umiejętność,umiejętności,umiejętności,umiejętność,umiejętnością,umiejętności,umiejętność!
1174,romans,romans,romansu,romansowi,romans,romansem,romansie,romansie
1175,kilo,kilo,-,-,-,-,-,-
1176,gardło,gardło,gardła,gardłu,gardło,gardłem,gardle,gardło
1178,dłoń,dłoń,dłoni,dłoni,dłoń,dłonią,dłoni,dłoni
1181,lekarstwo,lekarstwo,lekarstwa,lekarstwu,lekarstwo,lekarstwem,lekarstwie,lekarstwo
1186,partner,partner,partnera,partnerowi,partnera,partnerem,partnerze,partnerze
1189,kapelusz,kapelusz,kapelusza,kapeluszowi,kapelusz,kapeluszem,kapeluszu,kapeluszu!
1190,zagrożenie,zagrożenie,zagrożenia,zagrożeniu,zagrożenie,zagrożeniem,zagrożeniu,zagrożenie
1194,ląd,ląd,lądu,lądowi,ląd,lądem,lądzie,lądzie
1196,natura,natura,natury,naturze,naturę,naturą,naturze,naturo!
1199,most,most,mostu,mostowi,most,mostem,moście,moście
1200,wpływ,wpływ,wpływu,wpływowi,wpływ,wpływem,wpływie,wpływie
1203,liczba,liczba,liczby,liczbie,liczbę,liczbą,liczbie,liczbo
1209,mleko,mleko,mleka,mleku,mleko,mlekiem,mleku,mleko
1211,wtorek,wtorek,wtorku,wtorkowi,wtorek,wtorkiem,wtorku,wtorku
1213,głód,głód,głodu,głodowi,głód,głodem,głodzie,głodzie
1214,lina,lina,liny,linie,linę,liną,linie,lino
1215,opowieść,opowieść,opowieści,opowieści,opowieść,opowieścią,opowieści,opowieści
1216,konto,konto,konta,kontu,konto,kontem,koncie,konto
1217,obiekt,obiekt,obiektu,obiektowi,obiekt,obiektem,obiekcie,obiekcie!
1223,płaszcz,płaszcz,płaszcza,płaszczowi,płaszcz,płaszczem,płaszczu,płaszczu!
1225,bal,bal,balu,balowi,bal,balem,balu,balu!
1237,szampan,szampan,szampana,szampanowi,szampana,szampanem,szampanie,szampanie
1238,adwokat,adwokat,adwokata,adwokatowi,adwokata,adwokatem,adwokacie,adwokacie
1243,żal,żal,żalu,żalowi,żal,żalem,żalu,żalu
1245,obowiązek,obowiązek,obowiązku,obowiązkowi,obowiązek,obowiązkiem,obowiązku,obowiązku!
1248,garnitur,garnitur,garnituru,garniturowi,garnitur,garniturem,garniturze,garniturze
1250,sprzedaż,sprzedaż,sprzedaży,sprzedaży,sprzedaż,sprzedażą,sprzedaży,sprzedaży
1257,toaleta,toaleta,toalety,toalecie,toaletę,toaletą,toalecie,toaleto
1259,tekst,tekst,tekstu,teksowi,tekst,tekstem,tekście,tekście
1261,pracownik,pracownik,pracownika,pracownikowi,pracownika,pracownikiem,pracowniku,pracowniku!
1263,taksówka,taksówka,taksówki,taksówce,taksówkę,taksówką,taksówce,taksówko
1264,baba,baba,baby,babie,babę,babą,babie,babo
1272,pożar,pożar,pożaru,pożarowi,pożar,pożarem,pożarze,pożarze
1276,scena,scena,sceny,scenie,scenę,sceną,scenie,sceno!
1277,zdolność,zdolność,zdolności,zdolności,zdolność,zdolnością,zdolności,zdolności
1279,Anioł,anioł,anioła,aniołowi,anioła,aniołem,aniele,aniele
1281,dziura,dziura,dziury,dziurze,dziurę,dziurą,dziurze,dziuro
1284,portfel,portfel,portfela / portfelu,portfelowi,portfel,portfelem,portfelu,portfelu!
1285,życzenie,życzenie,życzenia,życzeniu,życzenie,życzeniem,życzeniu,życzenie!
1286,zaufanie,zaufanie,zaufania,zaufaniu,zaufanie,zaufaniem,zaufaniu,zaufanie
1287,spóźnienie,spóźnienie,spóźnienia,spóźnieniu,spóźnienie,spóźnieniem,spóźnieniu,spóźnienie
1289,bieg,bieg,biegu,biegowi,bieg,biegiem,biegu,biegu
1290,lekcja,lekcja,lekcji,lekcji,lekcję,lekcją,lekcji,lekcjo
1291,policjant,policjant,policjanta,policjantowi,policjanta,policjantem,policjancie,policjancie
1292,kółko,kółko,kółka,kółku,kółko,kółkiem,kółku,kółko
1293,kariera,kariera,kariery,karierze,karierę,karierą,karierze,kariero
1294,kurczak,kurczak,kurczaka,kurczkowi,kurczaka,kurczakiem,kurczaku,kurczaku
1297,telewizor,telewizor,telewizora,telewizorowi,telewizor,telewizorem,telewizorze,telewizorze!
1298,prawnik,prawnik,prawnika,prawnikowi,prawnika,prawnikiem,prawniku,prawniku
1302,wartość,wartość,wartości,wartości,wartość,wartością,wartości,wartości
1303,forum,forum,forum,forum,forum,forum,forum,forum
1305,data,data,daty,dacie,datę,datą,dacie,dato
1311,start,start,startu,startowi,start,startem,starcie,starcie
1314,burza,burza,burzy,burzy,burzę,burzą,burzy,burzo
1317,ciasto,ciasto,ciasta,ciastu,ciasto,ciastem,cieście,ciasto!
1319,tłum,tłum,tłumu,tłumowi,tłum,tłumem,tłumie,tłumie
1321,kradzież,kradzież,kradzieży,kradzieży,kradzież,kradzieżą,kradzieży,kradzież
1327,niedziela,niedziela,niedzieli,niedzieli,niedzielę,niedzielą,niedzieli,niedzielo
1330,nastrój,nastrój,nastroju,nastrojowi,nastrój,nastrojem,nastroju,nastroju
1334,zasilanie,zasilanie,zasilania,zasilaniu,zasilanie,zasilaniem,zasilaniu,zasilanie
1341,prawić,prawo,prawa,prawu,prawo,prawem,prawie,prawo
1343,spojrzenie,spojrzenie,spojrzenia,spojrzeniu,spojrzenie,spojrzeniem,spojrzeniu,spojrzenie
1344,przemoc,przemoc,przemocy,przemocy,przemoc,przemocą,przemocy,przemocy
1345,przestrzeń,przestrzeń,przestrzeni,przestrzeni,przestrzeń,przestrzenią,przestrzeni,przestrzeni!
1347,kuzyn,kuzyn,kuzyna,kuzynowi,kuzyna,kuzynem,kuzynie,kuzynie!
1348,kanał,kanał,kanału,kanałowi,kanał,kanałem,kanale,kanale
1354,kino,kino,kina,kinu,kino,kinem,kinie,kino
1357,plac,plac,placu,placowi,plac,placem,placu,placu
1361,ciuch,ciuch,ciucha,ciuchowi,ciuch,ciuchem,ciuchu,ciuchu
1365,papieros,papieros,papierosa,papierosowi,papierosa,papierosem,papierosie,papierosie
1377,plotka,plotka,plotki,plotce,plotkę,plotką,plotce,plotko!
1381,szyja,szyja,szyi,szyi,szyję,szyją,szyi,szyjo!
1383,magia,magia,magii,magii,magię,magią,magii,magio
1386,powierzchnia,powierzchnia,powierzchni,powierzchni,powierzchnię,powierzchnią,powierzchni,powierzchnio
1388,prędkość,prędkość,prędkości,prędkości,prędkość,prędkością,prędkości,prędkości
1389,pierścionek,pierścionek,pierścionka,pierścionkowi,pierścionek,pierścionkiem,pierścionku,pierścionku
1391,pilot,pilot,pilota,pilotowi,pilota,pilotem,pilocie,pilocie!
1396,agencja,agencja,agencji,agencji,agencję,agencją,agencji,agencjo!
1398,helikopter,helikopter,helikoptera,helikopterowi,helikopter,helikopterem,helikopterze,helikopterze
1399,pudełko,pudełko,pudełka,pudełku,pudełko,pudełkiem,pudełku,pudełko
1400,humor,humor,humoru,humorowi,humor,humorem,humorze,humor
1401,lód,lód,lodu,lodowi,lód,lodem,lodzie,lodzie
1402,tunel,tunel,tunelu,tunelowi,tunel,tunelem,tunelu,tunelu
1405,garaż,garaż,garażu,garażowi,garaż,garażem,garażu,garażu
1407,ptak,ptak,ptaka,ptaku,ptaka,ptakiem,ptaku,ptaku!
1408,inspektor,inspektor,inspektora,inspektorowi,inspektora,inspektorem,inspektorze,inspektorze
1411,pułapka,pułapka,pułapki,pułapce,pułapkę,pułapką,pułapce,pułapko
1412,ostrzeżenie,ostrzeżenie,ostrzeżenia,ostrzeżeniu,ostrzeżenie,ostrzeżeniem,ostrzeżeniu,ostrzeżenie
1415,wzrok,wzrok,wzroku,wzrokowi,wzrok,wzrokiem,wzroku,wzroku
1416,Chrystus,Chrystus,Chrystusa,Chrystusowi,Chrystusa,Chrystusem,Chrystusie,Chrystusie
1418,właściciel,właściciel,właściciela,właścicielowi,właściciela,właścicielem,właścicielu,właścicielu
1419,sukienka,sukienka,sukienki,sukience,sukienkę,sukienką,sukience,sukienko!
1422,ego,ego,ego,ego,ego,ego,ego,ego
1427,płyn,płyn,płynu,płynowi,płyn,płynem,płynie,płynie
1428,propozycja,propozycja,propozycji,propozycji,propozycję,propozycją,propozycji,propozycjo
1429,zbieg,zbieg,zbiega,zbiegowi,zbiega,zbiegiem,zbiegu,zbiegu
1434,strój,strój,stroju,strojowi,strój,strojem,stroju,stroju!
1437,członek,członek,członka,członkowi,członka,członkiem,członku,członku
1438,biurko,biurko,biurka,biurku,biurko,biurkiem,biurku,biurko!
1441,wariat,wariat,wariata,wariatowi,wariata,wariatem,wariacie,wariacie
1444,czoło,czoło,czoła,czołu,czoło,czołem,czole,czoło
1447,gniew,gniew,gniewu,gniewowi,gniew,gniewem,gniewie,gniewie
1449,hałas,hałas,hałasu,hałasowi,hałas,hałasem,hałasie,hałasie
1451,poczta,poczta,poczty,poczcie,pocztę,pocztą,poczcie,poczto!
1453,wioska,wioska,wioski,wiosce,wioskę,wioską,wiosce,wiosko
1454,kierowca,kierowca,kierowcy,kierowcy,kierowcę,kierowcą,kierowcy,kierowco!
1455,Rzym,Rzym,Rzymu,Rzymowi,Rzym,Rzymem,Rzymie,Rzymie
1456,alkohol,alkohol,alkoholu,alkoholowi,alkohol,alkoholem,alkoholu,alkoholu
1458,oferta,oferta,oferty,ofercie,ofertę,ofertą,ofercie,oferto!
1460,dzielnica,dzielnica,dzielnicy,dzielnicy,dzielnicę,dzielnicą,dzielnicy,dzielnico
1461,karetka,karetka,karetki,karetce,karetkę,karetką,karetce,karetko
1462,emerytura,emerytura,emerytury,emeryturze,emeryturę,emeryturą,emeryturze,emeryturo
1464,dzieło,dzieło,dzieła,dziełu,dzieło,dziełem,dziełu,dzieło
1466,lord,lord,lorda,lordowi,lorda,lordem,lordzie,lordzie
1469,skok,skok,skoku,skokowi,skok,skokiem,skoku,skoku
1473,toast,toast,toastu,toastowi,toast,toastem,toaście,toaście!
1474,rozdział,rozdział,rozdziału,rozdziałowi,rozdział,rozdziałem,rozdziale,rozdziale
1475,straż,straż,straży,straży,straż,strażą,straży,straży
1476,przestępstwo,przestępstwo,przestępstwa,przestępstwu,przestępstwo,przestępstwem,przestępstwie,przestępstwo
1477,cięcie,cięcie,cięcia,cięciu,cięcie,cięciem,cięciu,cięcie
1480,taśma,taśma,taśmy,taśmie,taśmę,taśmą,taśmie,taśmo
1486,nazwa,nazwa,nazwy,nazwie,nazwę,nazwą,nazwie,nazwo!
1488,wizyta,wizyta,wizyty,wizycie,wizytę,wizytą,wizycie,wizyto!
1489,jama,jama,jamy,jamie,jamę,jamą,jamie,jamo!
1491,symbol,symbol,symbolu,symbolowi,symbol,symbolem,symbolu,symbolu!
1494,morda,morda,mordy,mordzie,mordę,mordą,mordzie,mordo
1495,znajoma,znajoma,znajomej,znajomej,znajomą,znajomą,znajomej,znajomo!
1500,postać,postać,postaci,postaci,postać,postacią,postaci,postaci
1501,wybuch,wybuch,wybuchu,wybuchowi,wybuch,wybuchem,wybuchu,wybuchu
1502,pocałunek,pocałunek,pocałunku,pocałunkowi,pocałunek,pocałunkiem,pocałunku,pocałunku
1504,rozmiar,rozmiar,rozmiaru,rozmiarowi,rozmiar,rozmiarem,rozmiarze,rozmiarze!
1505,szczyt,szczyt,szczytu,szczytowi,szczyt,szczytem,szczycie,szczycie
1508,ciężarówka,ciężarówka,ciężarówki,ciężarówce,ciężarówkę,ciężarówką,ciężarówce,ciężarówko
1511,wyścig,wyścig,wyścigu,wyścigowi,wyścig,wyścigiem,wyścigu,wyścigu!
1512,smak,smak,smaku,smakowi,smak,smakiem,smaku,smaku
1515,brama,brama,bramy,bramie,bramę,bramą,bramie,bramo
1517,pozostanie,pozostanie,pozostania,pozostaniu,pozostanie,pozostaniem,pozostaniu,pozostanie
1520,śnieg,śnieg,śniegu,śniegowi,śnieg,śniegiem,śniegu,śniegu
1528,stolik,stolik,stolika,stolikowi,stolik,stolikiem,stoliku,stoliku
1531,waga,waga,wagi,wadze,wagę,wagą,wadze,wago!
1532,wieża,wieża,wieży,wieży,wieżę,wieżą,wieży,wieżo
1533,model,model,modela,modelowi,modela,modelem,modelu,modelu
1536,słuch,słuch,słuchu,słuchowi,słuch,słuchem,słuchu,słuchu
1538,wygląd,wygląd,wyglądu,wyglądowi,wygląd,wyglądem,wyglądzie,wyglądzie!
1542,mapa,mapa,mapy,mapie,mapę,mapą,mapie,mapo
1543,transport,transport,transportu,transportowi,transport,transportem,transporcie,transporcie
1555,koncert,koncert,koncertu,koncertowi,koncert,koncertem,koncercie,koncercie
1556,całość,całość,całości,całości,całość,całością,całości,całości
1557,Rosja,Rosja,Rosji,Rosji,Rosję,Rosją,Rosji,Rosjo
1561,postawa,postawa,postawy,postawie,postawę,postawą,postawie,postawo
1569,forma,forma,fomy,formie,formę,formą,formie,formo
1572,dziewczę,dziewczę,dziewczęcia,dziewczęciu,dziewczę,dziewczęciem,dziewczęciu,dziewczę
1573,aparat,aparat,apartu,aparatowi,aparat,aparatem,aparacie,aparacie
1576,wyzwanie,wyzwanie,wyzwania,wyzwaniu,wyzwanie,wyzwaniem,wyzwaniu,wyzwanie!
1578,kurczę,kurczę,kurczęcia,kurczęciu,kurczę,kurczęciem,kurczęciu,kurczę
1579,usługa,usługa,usługi,usłudze,usługę,usługą,usłudze,usługo
1581,koszula,koszula,koszuli,koszuli,koszulę,koszulą,koszuli,koszulo
1583,prąd,prąd,prądu,pradowi,prąd,prądem,prądzie,prądzie!
1584,obszar,obszar,obszaru,obszarowi,obszar,obszarem,obszarze,obszarze
1586,wielkość,wielkość,wielkości,wielkości,wielkość,wielkością,wielkości,wielkości!
1589,cień,cień,cienia,cieniowi,cień,cieniem,cieniu,cieniu
1591,kopać,kopia,kopii,kopii,kopię,kopią,kopii,kopio!
1592,pogoda,pogoda,pogody,pogodzie,pogodę,pogodą,pogodzie,pogodo
1593,przewaga,przewaga,przewagi,przewadze,przewagę,przewagą,przewadze,przewago
1595,flota,flota,floty,flocie,flotę,flotą,flocie,floto!
1598,zoo,zoo,zoo,zoo,zoo,zoo,zoo,zoo
1600,stworzenie,stworzenie,stworzenia,stworzeniu,stworzenie,stworzeniem,stworzeniu,stworzenie
1602,brzuch,brzuch,brzucha,brzuchowi,brzuch,brzuchem,brzuchu,brzuchu
1603,radość,radość,radości,radości,radość,radością,radości,radości
1606,reguła,reguła,reguły,regule,regułę,regułą,regule,reguło
1608,legenda,legenda,legendy,legendzie,legendę,legendą,legendzie,legendo!
1609,Budda,Budda,Buddy,Buddzie,Buddę,Buddą,Buddzie,Buddo
1614,otwarcie,otwarcie,otwarcia,otwarciu,otwarcie,otwarciem,otwarciu,otwarcie
1615,lud,lud,ludu,ludowi,lud,ludem,ludzie,ludu
1620,walizka,walizka,walizki,walizce,walizkę,walizką,walizce,walizko!
1624,poszukiwanie,poszukiwanie,poszukiwania,poszukiwaniu,poszukiwanie,poszukaniem,poszukiwaniu,poszukiewanie!
1625,sok,sok,soku,sokowi,sok,sokiem,soku,soku
1626,nerw,nerw,nerwu,nerwowi,nerw,nerwem,nerwie,nerwie
1627,geniusz,geniusz,geniusza,geniuszowi,geniusza,geniuszem,geniuszu,geniuszu
1628,hasło,hasło,hasła,hasłu,hasło,hasłem,haśle,hasło!
1629,przyjaźń,przyjaźń,przyjaźni,przyjaźni,przyjaźń,przyjaźnią,przyjaźni,przyjaźni
1630,Europa,Europa,Europy,Europie,Europę,Europą,Europie,Europo
1632,wycieczka,wycieczka,wycieczki,wycieczce,wycieczkę,wycieczką,wycieczce,wycieczko
1637,szczur,szczur,szczura,szczurowi,szczura,szczurem,szczurze,szczurze!
1638,magazyn,magazyn,magazynu,magazynowi,magazyn,magazynem,magazynie,magazynie
1644,wrzesień,wrzesień,września,wrześniowi,wrzesień,wrześniem,wrześniu,wrześniu!
1647,zakończenie,zakończenie,zakończenia,zakończeniu,zakończenie,zakończeniem,zakończeniu,zakończenie
1648,maska,maska,maski,masce,maskę,maską,masce,masko
1649,garść,garść,garści,garści,garść,garścią,garści,garści
1653,odległość,odległość,odległości,odległości,odległość,odległością,odległości,odległości
1655,ocean,ocean,oceanu,oceanowi,ocean,oceanem,oceanie,oceanie!
1657,ratunek,ratunek,ratunku,ratunkowi,ratunek,ratunkiem,ratunku,ratunku
1659,parking,parking,parkingu,parkingowi,parking,parkingiem,parkingu,parkingu
1661,trening,trening,treningu,treningowi,trening,treningiem,treningu,treningu
1664,królestwo,królestwo,królestwa,królestwu,królestwo,królestwem,królestwie,królestwo
1667,dym,dym,dymu,dymowi,dym,dymem,dymie,dym
1668,pech,pech,pecha,pechowi,pech,pechem,pechu,pechu!
1669,guzik,guzik,guzika,guzikowi,guzik,guzikiem,guziku,guziku
1670,sprzeciw,sprzeciw,sprzeciwu,sprzeciwowi,sprzeciw,sprzeciwem,sprzeciwie,sprzeciwie
1673,krzesło,krzesło,krzesła,krzesłu,krzesło,krzesłem,krześle,krzesło
1674,klatka,klatka,klatki,klatce,klatkę,klatką,klatce,klatko
1675,tożsamość,tożsamość,tożsamości,tożsamości,tożsamość,tożsamością,tożsamości,tożsamości
1678,organizacja,organizacja,organizacji,organizacji,organizację,organizacją,organizacji,organizacjo!
1680,wąż,wąż,węża,wężowi,węża,wężem,wężu,wężu
1681,banda,banda,bandy,bandzie,bandę,bandą,bandzie,bando
1682,chleb,chleb,chleba,chlebowi,chleb,chlebem,chlebie,chlebie
1684,ćwiczenie,ćwiczenie,ćwiczenia,ćwiczeniu,ćwiczenie,ćwiczeniem,ćwiczeniu,ćwiczenie
