,uncased,genitive,dative,accusative,instrumental,prepositional
0,человек,человека,человеку,человека,человеком,человеке
1,время,времени,времени,время,временем,времени
2,рука,руки,руке,руку,рукой,руке
3,дело,дела,делу,дело,делом,деле
4,день,дня,дню,день,днём,дне
5,жизнь,жизни,жизни,жизнь,жизнью,жизни
6,голова,головы,голове,голову,головой,голове
7,друг,друга,другу,друга,другом,друге
8,слово,слова,слову,слово,словом,слове
9,место,места,месту,место,местом,месте
10,лицо,лица,лицу,лицо,лицом,лице
11,октябрь,октября,октябрю,октябрь,октябрём,октябре
12,сторона,стороны,стороне,сторону,стороной,стороне
13,нога,ноги,ноге,ногу,ногой,ноге
14,работа,работы,работе,работу,работой,работе
15,арбуз,арбуза,арбузу,арбуз,арбузом,арбузе
16,конец,конца,концу,конец,концом,конце
17,город,города,городу,город,городом,городе
18,земля,земли,земле,землю,землёй,земле
19,сила,силы,силе,силу,силой,силе
20,вода,воды,воде,воду,водой,воде
21,случай,случая,случаю,случай,случаем,случае
22,стол,стола,столу,стол,столом,столе
23,машина,машины,машине,машину,машиной,машине
24,женщина,женщины,женщине,женщину,женщиной,женщине
25,отец,отца,отцу,отца,отцом,отце
26,вопрос,вопроса,вопросу,вопрос,вопросом,вопросе
27,страна,страны,стране,страну,страной,стране
28,война,войны,войне,войну,войной,войне
29,минута,минуты,минуте,минуту,минутой,минуте
30,товарищ,товарища,товарищу,товарища,товарищем,товарище
31,правда,правды,правде,правду,правдой,правде
32,часть,части,части,часть,частью,части
33,жена,жены,жене,жену,женой,жене
34,окно,окна,окну,окно,окном,окне
35,Россия,России,России,Россию,Россией,России
36,мать,матери,матери,мать,матерью,матери
37,Москва,Москвы,Москве,Москву,Москвой,Москве
38,улица,улицы,улице,улицу,улицей,улице
39,комната,комнаты,комнате,комнату,комнатой,комнате
40,утро,утра,утру,утро,утром,утре
41,душа,души,душе,душу,душой,душе
42,книга,книги,книге,книгу,книгой,книге
43,взгляд,взгляда,взгляду,взгляд,взглядом,взгляде
44,история,истории,истории,историю,историей,истории
45,бог,бога,богу,бога,богом,боге
46,палец,пальца,пальцу,палец,пальцем,пальце
47,имя,имени,имени,имя,именем,имени
48,мысль,мысли,мысли,мысль,мыслью,мысли
49,разговор,разговора,разговору,разговор,разговором,разговоре
50,право,права,праву,право,правом,праве
51,сын,сына,сыну,сына,сыном,сыне
52,путь,пути,пути,путь,путём,путе
53,тысяча,тысячи,тысяче,тысячу,тысячью,тысяче
54,пора,поры,поре,пору,порой,поре
55,пора,поры,поре,пору,порой,поре
56,стена,стены,стене,стену,стеной,стене
57,спина,спины,спине,спину,спиной,спине
58,месяц,месяца,месяцу,месяц,месяцем,месяце
59,тело,тела,телу,тело,телом,теле
60,старик,старика,старику,старика,стариком,старике
61,смерть,смерти,смерти,смерть,смертью,смерти
62,власть,власти,власти,власть,властью,власти
63,мальчик,мальчика,мальчику,мальчика,мальчиком,мальчике
64,образ,образа,образу,образ,образом,образе
65,письмо,письма,письму,письмо,письмом,письме
66,отношение,отношения,отношению,отношение,отношением,отношении
67,сердце,сердца,сердцу,сердце,сердцем,сердце
68,начальник,начальника,начальнику,начальника,начальником,начальнике
69,девушка,девушки,девушке,девушку,девушкой,девушке
70,солдат,солдата,солдату,солдата,солдатом,солдате
71,небо,неба,небу,небо,небом,небе
72,система,системы,системе,систему,системой,системе
73,брат,брата,брату,брата,братом,брате
74,квартира,квартиры,квартире,квартиру,квартирой,квартире
75,хозяин,хозяина,хозяину,хозяина,хозяином,хозяине
76,внимание,внимания,вниманию,внимание,вниманием,внимании
77,школа,школы,школе,школу,школой,школе
78,труд,труда,труду,труд,трудом,труде
79,капитан,капитана,капитану,капитана,капитаном,капитане
80,парень,парня,парню,парня,парнем,парне
81,группа,группы,группе,группу,группой,группе
82,солнце,солнца,солнцу,солнце,солнцем,солнце
83,любовь,любви,любви,любовь,любовью,любви
84,ухо,уха,уху,ухо,ухом,ухе
85,неделя,недели,неделе,неделю,неделей,неделе
86,ответ,ответа,ответу,ответ,ответом,ответе
87,помощь,помощи,помощи,помощь,помощью,помощи
88,мужчина,мужчины,мужчине,мужчину,мужчиной,мужчине
89,момент,момента,моменту,момент,моментом,моменте
90,газета,газеты,газете,газету,газетой,газете
91,чувство,чувства,чувству,чувство,чувством,чувстве
92,порядок,порядка,порядку,порядок,порядком,порядке
93,семья,семьи,семье,семью,семьёй,семье
94,армия,армии,армии,армию,армией,армии
95,возможность,возможности,возможности,возможность,возможностью,возможности
96,движение,движения,движению,движение,движением,движении
97,муж,мужа,мужу,мужа,мужем,муже
98,огонь,огня,огню,огонь,огнём,огне
99,двор,двора,двору,двор,двором,дворе
100,смысл,смысла,смыслу,смысл,смыслом,смысле
101,общество,общества,обществу,общество,обществом,обществе
102,дерево,дерева,дереву,дерево,деревом,дереве
103,немец,немца,немцу,немца,немцем,немце
104,губа,губы,губе,губу,губой,губе
105,дядя,дяди,дяде,дядю,дядей,дяде
106,очередь,очереди,очереди,очередь,очередью,очереди
107,форма,формы,форме,форму,формой,форме
108,закон,закона,закону,закон,законом,законе
109,собака,собаки,собаке,собаку,собакой,собаке
110,состояние,состояния,состоянию,состояние,состоянием,состоянии
111,сон,сна,сну,сон,сном,сне
112,карман,кармана,карману,карман,карманом,кармане
113,девочка,девочки,девочке,девочку,девочкой,девочке
114,камень,камня,камню,камень,камнем,камне
115,проблема,проблемы,проблеме,проблему,проблемой,проблеме
116,связь,связи,связи,связь,связью,связи
117,гость,гостя,гостю,гостя,гостем,госте
118,зуб,зуба,зубу,зуб,зубом,зубе
119,мера,меры,мере,меру,мерой,мере
120,номер,номера,номеру,номер,номером,номере
121,средство,средства,средству,средство,средством,средстве
122,действие,действия,действию,действие,действием,действии
123,государство,государства,государству,государство,государством,государстве
124,глава,главы,главе,главу,главой,главе
125,партия,партии,партии,партию,партией,партии
126,река,реки,реке,реку,рекой,реке
127,судьба,судьбы,судьбе,судьбу,судьбой,судьбе
128,рота,роты,роте,роту,ротой,роте
129,речь,речи,речи,речь,речью,речи
130,причина,причины,причине,причину,причиной,причине
131,гора,горы,горе,гору,горой,горе
132,море,моря,морю,море,морем,море
133,зал,зала,залу,зал,залом,зале
134,врач,врача,врачу,врача,врачом,враче
135,командир,командира,командиру,командира,командиром,командире
136,боль,боли,боли,боль,болью,боли
137,господин,господина,господину,господина,господином,господине
138,вещь,вещи,вещи,вещь,вещью,вещи
139,результат,результата,результату,результат,результатом,результате
140,число,числа,числу,число,числом,числе
141,цель,цели,цели,цель,целью,цели
142,положение,положения,положению,положение,положением,положении
143,писатель,писателя,писателю,писателя,писателем,писателе
144,бумага,бумаги,бумаге,бумагу,бумагой,бумаге
145,план,плана,плану,план,планом,плане
146,черта,черты,черте,черту,чертой,черте
147,документ,документа,документу,документ,документом,документе
148,волос,волоса,волосу,волос,волосом,волосе
149,пара,пары,паре,пару,парой,паре
150,решение,решения,решению,решение,решением,решении
151,класс,класса,классу,класс,классом,классе
152,условие,условия,условию,условие,условием,условии
153,центр,центра,центру,центр,центром,центре
154,встреча,встречи,встрече,встречу,встречей,встрече
155,директор,директора,директору,директора,директором,директоре
156,рубль,рубля,рублю,рубль,рублём,рубле
157,служба,службы,службе,службу,службой,службе
158,процесс,процесса,процессу,процесс,процессом,процессе
159,президент,президента,президенту,президента,президентом,президенте
160,память,памяти,памяти,память,памятью,памяти
161,герой,героя,герою,героя,героем,герое
162,враг,врага,врагу,врага,врагом,враге
163,счастье,счастья,счастью,счастье,счастьем,счастье
164,удар,удара,удару,удар,ударом,ударе
165,самолёт,самолёта,самолёту,самолёт,самолётом,самолёте
166,деревня,деревни,деревне,деревню,деревней,деревне
167,картина,картины,картине,картину,картиной,картине
168,будущее,будущего,будущему,будущее,будущим,будущем
169,коридор,коридора,коридору,коридор,коридором,коридоре
170,ум,ума,уму,ум,умом,уме
171,кабинет,кабинета,кабинету,кабинет,кабинетом,кабинете
172,колено,колена,колену,колено,коленом,колене
173,бутылка,бутылки,бутылке,бутылку,бутылкой,бутылке
174,телефон,телефона,телефону,телефон,телефоном,телефоне
175,компания,компании,компании,компанию,компанией,компании
176,доктор,доктора,доктору,доктора,доктором,докторе
177,автор,автора,автору,автора,автором,авторе
178,мужик,мужика,мужику,мужика,мужиком,мужике
179,интерес,интереса,интересу,интерес,интересом,интересе
180,лейтенант,лейтенанта,лейтенанту,лейтенанта,лейтенантом,лейтенанте
181,оружие,оружия,оружию,оружие,оружием,оружии
182,игра,игры,игре,игру,игрой,игре
183,качество,качества,качеству,качество,качеством,качестве
184,хлеб,хлеба,хлебу,хлеб,хлебом,хлебе
185,развитие,развития,развитию,развитие,развитием,развитии
186,банк,банка,банку,банк,банком,банке
187,совет,совета,совету,совет,советом,совете
188,трубка,трубки,трубке,трубку,трубкой,трубке
189,ладонь,ладони,ладони,ладонь,ладонью,ладони
190,институт,института,институту,институт,институтом,институте
191,правительство,правительства,правительству,правительство,правительством,правительстве
192,идея,идеи,идее,идею,идеей,идее
193,точка,точки,точке,точку,точкой,точке
194,уровень,уровня,уровню,уровень,уровнем,уровне
195,профессор,профессора,профессору,профессора,профессором,профессоре
196,наука,науки,науке,науку,наукой,науке
197,событие,события,событию,событие,событием,событии
198,союз,союза,союзу,союз,союзом,союзе
199,король,короля,королю,короля,королём,короле
200,половина,половины,половине,половину,половиной,половине
201,метр,метра,метру,метр,метром,метре
202,вера,веры,вере,веру,верой,вере
203,область,области,области,область,областью,области
204,ситуация,ситуации,ситуации,ситуацию,ситуацией,ситуации
205,кухня,кухни,кухне,кухню,кухней,кухне
206,надежда,надежды,надежде,надежду,надеждой,надежде
207,офицер,офицера,офицеру,офицера,офицером,офицере
208,течение,течения,течению,течение,течением,течении
209,информация,информации,информации,информацию,информацией,информации
210,граница,границы,границе,границу,границей,границе
211,слеза,слезы,слезе,слезу,слезой,слезе
212,рассказ,рассказа,рассказу,рассказ,рассказом,рассказе
213,трава,травы,траве,траву,травой,траве
214,шея,шеи,шее,шею,шеей,шее
215,десяток,десятка,десятку,десяток,десятком,десятке
216,толпа,толпы,толпе,толпу,толпой,толпе
217,родитель,родителя,родителю,родителя,родителем,родителе
218,правило,правила,правилу,правило,правилом,правиле
219,правило,правила,правилу,правило,правилом,правиле
220,секунда,секунды,секунде,секунду,секундой,секунде
221,программа,программы,программе,программу,программой,программе
222,фамилия,фамилии,фамилии,фамилию,фамилией,фамилии
223,звук,звука,звуку,звук,звуком,звуке
224,роман,романа,роману,роман,романом,романе
225,роль,роли,роли,роль,ролью,роли
226,сознание,сознания,сознанию,сознание,сознанием,сознании
227,команда,команды,команде,команду,командой,команде
228,магазин,магазина,магазину,магазин,магазином,магазине
229,ворот,ворота,вороту,ворот,воротом,вороте
230,полковник,полковника,полковнику,полковника,полковником,полковнике
231,природа,природы,природе,природу,природой,природе
232,поэт,поэта,поэту,поэта,поэтом,поэте
233,район,района,району,район,районом,районе
234,лист,листа,листу,лист,листом,листе
235,лист,листа,листу,лист,листом,листе
236,стекло,стекла,стеклу,стекло,стеклом,стекле
237,количество,количества,количеству,количество,количеством,количестве
238,этаж,этажа,этажу,этаж,этажом,этаже
239,свобода,свободы,свободе,свободу,свободой,свободе
240,сапог,сапога,сапогу,сапог,сапогом,сапоге
241,суд,суда,суду,суд,судом,суде
242,выход,выхода,выходу,выход,выходом,выходе
243,дед,деда,деду,деда,дедом,деде
244,кресло,кресла,креслу,кресло,креслом,кресле
245,дочь,дочери,дочери,дочь,дочерью,дочери
246,характер,характера,характеру,характер,характером,характере
247,опыт,опыта,опыту,опыт,опытом,опыте
248,площадь,площади,площади,площадь,площадью,площади
249,управление,управления,управлению,управление,управлением,управлении
250,мнение,мнения,мнению,мнение,мнением,мнении
251,революция,революции,революции,революцию,революцией,революции
252,улыбка,улыбки,улыбке,улыбку,улыбкой,улыбке
253,рост,роста,росту,рост,ростом,росте
254,лошадь,лошади,лошади,лошадь,лошадью,лошади
255,кожа,кожи,коже,кожу,кожей,коже
256,звезда,звезды,звезде,звезду,звездой,звезде
257,поезд,поезда,поезду,поезд,поездом,поезде
258,сестра,сестры,сестре,сестру,сестрой,сестре
259,дождь,дождя,дождю,дождь,дождём,дожде
260,желание,желания,желанию,желание,желанием,желании
261,болезнь,болезни,болезни,болезнь,болезнью,болезни
262,сосед,соседа,соседу,соседа,соседом,соседе
263,пример,примера,примеру,пример,примером,примере
264,дама,дамы,даме,даму,дамой,даме
265,орган,органа,органу,орган,органом,органе
266,орган,органа,органу,орган,органом,органе
267,поле,поля,полю,поле,полем,поле
268,ящик,ящика,ящику,ящик,ящиком,ящике
269,цена,цены,цене,цену,ценой,цене
270,ах,аха,аху,ах,ахом,ахе
271,карта,карты,карте,карту,картой,карте
272,слава,славы,славе,славу,славой,славе
273,радость,радости,радости,радость,радостью,радости
274,музыка,музыки,музыке,музыку,музыкой,музыке
275,завод,завода,заводу,завод,заводом,заводе
276,лето,лета,лету,лето,летом,лете
277,станция,станции,станции,станцию,станцией,станции
278,воля,воли,воле,волю,волей,воле
279,литература,литературы,литературе,литературу,литературой,литературе
280,дурак,дурака,дураку,дурака,дураком,дураке
281,приказ,приказа,приказу,приказ,приказом,приказе
282,гражданин,гражданина,гражданину,гражданина,гражданином,гражданине
283,крыша,крыши,крыше,крышу,крышей,крыше
284,статья,статьи,статье,статью,статьёй,статье
285,факт,факта,факту,факт,фактом,факте
286,стул,стула,стулу,стул,стулом,стуле
287,лагерь,лагеря,лагерю,лагерь,лагерем,лагере
288,войско,войска,войску,войско,войском,войске
289,удовольствие,удовольствия,удовольствию,удовольствие,удовольствием,удовольствии
290,вино,вина,вину,вино,вином,вине
291,возраст,возраста,возрасту,возраст,возрастом,возрасте
292,лестница,лестницы,лестнице,лестницу,лестницей,лестнице
293,министр,министра,министру,министра,министром,министре
294,фронт,фронта,фронту,фронт,фронтом,фронте
295,задача,задачи,задаче,задачу,задачей,задаче
296,мол,мола,молу,мол,молом,моле
297,название,названия,названию,название,названием,названии
298,организация,организации,организации,организацию,организацией,организации
299,километр,километра,километру,километр,километром,километре
300,председатель,председателя,председателю,председателя,председателем,председателе
301,прочее,прочего,прочему,прочее,прочим,прочем
302,доллар,доллара,доллару,доллар,долларом,долларе
303,выражение,выражения,выражению,выражение,выражением,выражении
304,танк,танка,танку,танк,танком,танке
305,зима,зимы,зиме,зиму,зимой,зиме
306,знак,знака,знаку,знак,знаком,знаке
307,учитель,учителя,учителю,учителя,учителем,учителе
308,майор,майора,майору,майора,майором,майоре
309,кровать,кровати,кровати,кровать,кроватью,кровати
310,деятельность,деятельности,деятельности,деятельность,деятельностью,деятельности
311,щека,щеки,щеке,щёку,щекой,щеке
312,птица,птицы,птице,птицу,птицей,птице
313,водка,водки,водке,водку,водкой,водке
314,здание,здания,зданию,здание,зданием,здании
315,зеркало,зеркала,зеркалу,зеркало,зеркалом,зеркале
316,искусство,искусства,искусству,искусство,искусством,искусстве
317,начало,начала,началу,начало,началом,начале
318,вагон,вагона,вагону,вагон,вагоном,вагоне
319,автомат,автомата,автомату,автомат,автоматом,автомате
320,милиция,милиции,милиции,милицию,милицией,милиции
321,одежда,одежды,одежде,одежду,одеждой,одежде
322,корабль,корабля,кораблю,корабль,кораблём,корабле
323,художник,художника,художнику,художника,художником,художнике
324,курс,курса,курсу,курс,курсом,курсе
325,куст,куста,кусту,куст,кустом,кусте
326,состав,состава,составу,состав,составом,составе
327,чудо,чуда,чуду,чудо,чудом,чуде
328,кусок,куска,куску,кусок,куском,куске
329,фирма,фирмы,фирме,фирму,фирмой,фирме
330,пикник,пикника,пикнику,пикник,пикником,пикнике
331,миллион,миллиона,миллиону,миллион,миллионом,миллионе
332,пространство,пространства,пространству,пространство,пространством,пространстве
333,тема,темы,теме,тему,темой,теме
334,линия,линии,линии,линию,линией,линии
335,мешок,мешка,мешку,мешок,мешком,мешке
336,бабушка,бабушки,бабушке,бабушку,бабушкой,бабушке
337,крик,крика,крику,крик,криком,крике
338,ключ,ключа,ключу,ключ,ключом,ключе
339,процент,процента,проценту,процент,процентом,проценте
340,ощущение,ощущения,ощущению,ощущение,ощущением,ощущении
341,остров,острова,острову,остров,островом,острове
342,конь,коня,коню,коня,конём,коне
343,театр,театра,театру,театр,театром,театре
344,живот,живота,животу,живот,животом,животе
345,производство,производства,производству,производство,производством,производстве
346,штаб,штаба,штабу,штаб,штабом,штабе
347,сотня,сотни,сотне,сотню,сотней,сотне
348,стакан,стакана,стакану,стакан,стаканом,стакане
349,материал,материала,материалу,материал,материалом,материале
350,ужас,ужаса,ужасу,ужас,ужасом,ужасе
351,значение,значения,значению,значение,значением,значении
352,труба,трубы,трубе,трубу,трубой,трубе
353,стих,стиха,стиху,стих,стихом,стихе
354,способ,способа,способу,способ,способом,способе
355,обстоятельство,обстоятельства,обстоятельству,обстоятельство,обстоятельством,обстоятельстве
356,степень,степени,степени,степень,степенью,степени
357,Германия,Германии,Германии,Германию,Германией,Германии
358,волна,волны,волне,волну,волной,волне
359,глубина,глубины,глубине,глубину,глубиной,глубине
360,представитель,представителя,представителю,представителя,представителем,представителе
361,нож,ножа,ножу,нож,ножом,ноже
362,рынок,рынка,рынку,рынок,рынком,рынке
363,шум,шума,шуму,шум,шумом,шуме
364,студент,студента,студенту,студента,студентом,студенте
365,впечатление,впечатления,впечатлению,впечатление,впечатлением,впечатлении
366,отдел,отдела,отделу,отдел,отделом,отделе
367,запад,запада,западу,запад,западом,западе
368,очко,очка,очку,очко,очком,очке
369,успех,успеха,успеху,успех,успехом,успехе
370,инженер,инженера,инженеру,инженера,инженером,инженере
371,население,населения,населению,население,населением,населении
372,знание,знания,знанию,знание,знанием,знании
373,секретарь,секретаря,секретарю,секретаря,секретарём,секретаре
374,ошибка,ошибки,ошибке,ошибку,ошибкой,ошибке
375,боец,бойца,бойцу,бойца,бойцом,бойце
376,масса,массы,массе,массу,массой,массе
377,чёрт,чёрта,чёрту,чёрта,чёртом,чёрте
378,царь,царя,царю,царя,царём,царе
379,фигура,фигуры,фигуре,фигуру,фигурой,фигуре
380,противник,противника,противнику,противника,противником,противнике
381,журнал,журнала,журналу,журнал,журналом,журнале
382,направление,направления,направлению,направление,направлением,направлении
383,замок,замка,замку,замок,замком,замке
384,замок,замка,замку,замок,замком,замке
385,победа,победы,победе,победу,победой,победе
386,сотрудник,сотрудника,сотруднику,сотрудника,сотрудником,сотруднике
387,адрес,адреса,адресу,адрес,адресом,адресе
388,период,периода,периоду,период,периодом,периоде
389,еврей,еврея,еврею,еврея,евреем,еврее
390,клуб,клуба,клубу,клуб,клубом,клубе
391,хвост,хвоста,хвосту,хвост,хвостом,хвосте
392,предмет,предмета,предмету,предмет,предметом,предмете
393,лечение,лечения,лечению,лечение,лечением,лечении
394,зрение,зрения,зрению,зрение,зрением,зрении
395,беда,беды,беде,беду,бедой,беде
396,столица,столицы,столице,столицу,столицей,столице
397,обед,обеда,обеду,обед,обедом,обеде
398,культура,культуры,культуре,культуру,культурой,культуре
399,высота,высоты,высоте,высоту,высотой,высоте
400,территория,территории,территории,территорию,территорией,территории
401,костюм,костюма,костюму,костюм,костюмом,костюме
402,попытка,попытки,попытке,попытку,попыткой,попытке
403,дно,дна,дну,дно,дном,дне
404,страница,страницы,странице,страницу,страницей,странице
405,размер,размера,размеру,размер,размером,размере
406,предприятие,предприятия,предприятию,предприятие,предприятием,предприятии
407,сцена,сцены,сцене,сцену,сценой,сцене
408,фотография,фотографии,фотографии,фотографию,фотографией,фотографии
409,заболевание,заболевания,заболеванию,заболевание,заболеванием,заболевании
410,принцип,принципа,принципу,принцип,принципом,принципе
411,миг,Мига,Мигу,Миг,Мигом,Миге
412,Европа,Европы,Европе,Европу,Европой,Европе
413,тётя,тёти,тёте,тётю,тётей,тёте
414,мастер,мастера,мастеру,мастера,мастером,мастере
415,отряд,отряда,отряду,отряд,отрядом,отряде
416,старуха,старухи,старухе,старуху,старухой,старухе
417,руководитель,руководителя,руководителю,руководителя,руководителем,руководителе
418,житель,жителя,жителю,жителя,жителем,жителе
419,меч,меча,мечу,меч,мечом,мече
420,тюрьма,тюрьмы,тюрьме,тюрьму,тюрьмой,тюрьме
421,дворец,дворца,дворцу,дворец,дворцом,дворце
422,камера,камеры,камере,камеру,камерой,камере
423,существо,существа,существу,существо,существом,существе
424,билет,билета,билету,билет,билетом,билете
425,фраза,фразы,фразе,фразу,фразой,фразе
426,Америка,Америки,Америке,Америку,Америкой,Америке
427,весна,весны,весне,весну,весной,весне
428,лодка,лодки,лодке,лодку,лодкой,лодке
429,фильм,фильма,фильму,фильм,фильмом,фильме
430,больница,больницы,больнице,больницу,больницей,больнице
431,специалист,специалиста,специалисту,специалиста,специалистом,специалисте
432,образование,образования,образованию,образование,образованием,образовании
433,мальчишка,мальчишки,мальчишке,мальчишку,мальчишкой,мальчишке
434,продукт,продукта,продукту,продукт,продуктом,продукте
435,пистолет,пистолета,пистолету,пистолет,пистолетом,пистолете
436,родина,родины,родине,родину,родиной,родине
437,личность,личности,личности,личность,личностью,личности
438,скорость,скорости,скорости,скорость,скоростью,скорости
439,участок,участка,участку,участок,участком,участке
440,текст,текста,тексту,текст,текстом,тексте
441,зверь,зверя,зверю,зверя,зверем,звере
442,артист,артиста,артисту,артиста,артистом,артисте
443,автомобиль,автомобиля,автомобилю,автомобиль,автомобилем,автомобиле
444,участие,участия,участию,участие,участием,участии
445,кот,кота,коту,кота,котом,коте
446,здоровье,здоровья,здоровью,здоровье,здоровьем,здоровье
447,костёр,костра,костру,костёр,костром,костре
448,человечество,человечества,человечеству,человечество,человечеством,человечестве
449,пуля,пули,пуле,пулю,пулей,пуле
450,сомнение,сомнения,сомнению,сомнение,сомнением,сомнении
451,отсутствие,отсутствия,отсутствию,отсутствие,отсутствием,отсутствии
452,мясо,мяса,мясу,мясо,мясом,мясе
453,читатель,читателя,читателю,читателя,читателем,читателе
454,доска,доски,доске,доску,доской,доске
455,убийство,убийства,убийству,убийство,убийством,убийстве
456,мгновение,мгновения,мгновению,мгновение,мгновением,мгновении
457,настроение,настроения,настроению,настроение,настроением,настроении
458,пауза,паузы,паузе,паузу,паузой,паузе
459,приём,приёма,приёму,приём,приёмом,приёме
460,порог,порога,порогу,порог,порогом,пороге
461,фон,фона,фону,фон,фоном,фоне
462,предложение,предложения,предложению,предложение,предложением,предложении
463,работник,работника,работнику,работника,работником,работнике
464,сожаление,сожаления,сожалению,сожаление,сожалением,сожалении
465,горло,горла,горлу,горло,горлом,горле
466,ресторан,ресторана,ресторану,ресторан,рестораном,ресторане
467,список,списка,списку,список,списком,списке
468,праздник,праздника,празднику,праздник,праздником,празднике
469,шутка,шутки,шутке,шутку,шуткой,шутке
470,автобус,автобуса,автобусу,автобус,автобусом,автобусе
471,рада,рады,раде,раду,радой,раде
472,вариант,варианта,варианту,вариант,вариантом,варианте
473,дыхание,дыхания,дыханию,дыхание,дыханием,дыхании
474,организм,организма,организму,организм,организмом,организме
475,начальство,начальства,начальству,начальство,начальством,начальстве
476,рукав,рукава,рукаву,рукав,рукавом,рукаве
477,охрана,охраны,охране,охрану,охраной,охране
478,масло,масла,маслу,масло,маслом,масле
479,пиво,пива,пиву,пиво,пивом,пиве
480,чиновник,чиновника,чиновнику,чиновника,чиновником,чиновнике
481,эхо,эха,эху,эхо,эхом,эхе
482,потолок,потолка,потолку,потолок,потолком,потолке
483,лёгкое,лёгкого,лёгкому,лёгкое,лёгким,лёгком
484,руководство,руководства,руководству,руководство,руководством,руководстве
485,защита,защиты,защите,защиту,защитой,защите
486,энергия,энергии,энергии,энергию,энергией,энергии
487,звонок,звонка,звонку,звонок,звонком,звонке
488,сигарета,сигареты,сигарете,сигарету,сигаретой,сигарете
489,кошка,кошки,кошке,кошку,кошкой,кошке
490,зона,зоны,зоне,зону,зоной,зоне
491,диван,дивана,дивану,диван,диваном,диване
492,предел,предела,пределу,предел,пределом,пределе
493,постель,постели,постели,постель,постелью,постели
494,тайна,тайны,тайне,тайну,тайной,тайне
495,книжка,книжки,книжке,книжку,книжкой,книжке
496,воспоминание,воспоминания,воспоминанию,воспоминание,воспоминанием,воспоминании
497,Ленинград,Ленинграда,Ленинграду,Ленинград,Ленинградом,Ленинграде
498,существование,существования,существованию,существование,существованием,существовании
499,королева,королевы,королеве,королеву,королевой,королеве
500,вход,входа,входу,вход,входом,входе
501,церковь,церкви,церкви,церковь,церковью,церкви
502,преступление,преступления,преступлению,преступление,преступлением,преступлении
503,музей,музея,музею,музей,музеем,музее
504,планета,планеты,планете,планету,планетой,планете
505,опасность,опасности,опасности,опасность,опасностью,опасности
506,поиск,поиска,поиску,поиск,поиском,поиске
507,палатка,палатки,палатке,палатку,палаткой,палатке
508,источник,источника,источнику,источник,источником,источнике
509,основание,основания,основанию,основание,основанием,основании
510,родственник,родственника,родственнику,родственника,родственником,родственнике
511,осень,осени,осени,осень,осенью,осени
512,представление,представления,представлению,представление,представлением,представлении
513,способность,способности,способности,способность,способностью,способности
514,понятие,понятия,понятию,понятие,понятием,понятии
515,тон,тона,тону,тон,тоном,тоне
516,аппарат,аппарата,аппарату,аппарат,аппаратом,аппарате
517,водитель,водителя,водителю,водителя,водителем,водителе
518,крыло,крыла,крылу,крыло,крылом,крыле
519,изменение,изменения,изменению,изменение,изменением,изменении
520,беседа,беседы,беседе,беседу,беседой,беседе
521,вывод,вывода,выводу,вывод,выводом,выводе
522,комиссия,комиссии,комиссии,комиссию,комиссией,комиссии
523,множество,множества,множеству,множество,множеством,множестве
524,явление,явления,явлению,явление,явлением,явлении
525,красота,красоты,красоте,красоту,красотой,красоте
526,мороз,мороза,морозу,мороз,морозом,морозе
527,дача,дачи,даче,дачу,дачей,даче
528,пастух,пастуха,пастуху,пастуха,пастухом,пастухе
529,остальное,остального,остальному,остальное,остальным,остальном
530,площадка,площадки,площадке,площадку,площадкой,площадке
531,усилие,усилия,усилию,усилие,усилием,усилии
532,приятель,приятеля,приятелю,приятеля,приятелем,приятеле
533,ручка,ручки,ручке,ручку,ручкой,ручке
534,столик,столика,столику,столик,столиком,столике
535,журналист,журналиста,журналисту,журналиста,журналистом,журналисте
536,выстрел,выстрела,выстрелу,выстрел,выстрелом,выстреле
537,озеро,озера,озеру,озеро,озером,озере
538,сумка,сумки,сумке,сумку,сумкой,сумке
539,кино,кино,кино,кино,кино,кино
540,должность,должности,должности,должность,должностью,должности
541,зло,зла,злу,зло,злом,зле
542,позиция,позиции,позиции,позицию,позицией,позиции
543,удивление,удивления,удивлению,удивление,удивлением,удивлении
544,следователь,следователя,следователю,следователя,следователем,следователе
545,ученик,ученика,ученику,ученика,учеником,ученике
546,основа,основы,основе,основу,основой,основе
547,горе,горя,горю,горе,горем,горе
548,рождение,рождения,рождению,рождение,рождением,рождении
549,песня,песни,песне,песню,песней,песне
550,полок,полка,полку,полок,полком,полке
551,старшина,старшины,старшине,старшину,старшиной,старшине
552,колесо,колеса,колесу,колесо,колесом,колесе
553,шофёр,шофёра,шофёру,шофёра,шофёром,шофёре
554,проект,проекта,проекту,проект,проектом,проекте
555,совесть,совести,совести,совесть,совестью,совести
556,суть,сути,сути,суть,сутью,сути
557,режим,режима,режиму,режим,режимом,режиме
558,стен,стена,стену,стен,стеном,стене
559,чемодан,чемодана,чемодану,чемодан,чемоданом,чемодане
560,платье,платья,платью,платье,платьем,платье
561,хозяйство,хозяйства,хозяйству,хозяйство,хозяйством,хозяйстве
562,полиция,полиции,полиции,полицию,полицией,полиции
563,пункт,пункта,пункту,пункт,пунктом,пункте
564,ствол,ствола,стволу,ствол,стволом,стволе
565,толк,толка,толку,толк,толком,толке
566,вкус,вкуса,вкусу,вкус,вкусом,вкусе
567,портрет,портрета,портрету,портрет,портретом,портрете
568,кофе,кофе,кофе,кофе,кофе,кофе
569,отделение,отделения,отделению,отделение,отделением,отделении
570,подать,подати,подати,подать,податью,подати
571,обстановка,обстановки,обстановке,обстановку,обстановкой,обстановке
572,пятно,пятна,пятну,пятно,пятном,пятне
573,телевизор,телевизора,телевизору,телевизор,телевизором,телевизоре
574,база,базы,базе,базу,базой,базе
575,тревога,тревоги,тревоге,тревогу,тревогой,тревоге
576,помещение,помещения,помещению,помещение,помещением,помещении
577,урок,урока,уроку,урок,уроком,уроке
578,поведение,поведения,поведению,поведение,поведением,поведении
579,создание,создания,созданию,создание,созданием,создании
580,собрание,собрания,собранию,собрание,собранием,собрании
581,дедушка,дедушки,дедушке,дедушку,дедушкой,дедушке
582,функция,функции,функции,функцию,функцией,функции
583,нарушение,нарушения,нарушению,нарушение,нарушением,нарушении
584,экран,экрана,экрану,экран,экраном,экране
585,шапка,шапки,шапке,шапку,шапкой,шапке
586,полоса,полосы,полосе,полосу,полосой,полосе
587,хозяйка,хозяйки,хозяйке,хозяйку,хозяйкой,хозяйке
588,грязь,грязи,грязи,грязь,грязью,грязи
589,заявление,заявления,заявлению,заявление,заявлением,заявлении
590,труп,трупа,трупу,труп,трупом,трупе
591,подарок,подарка,подарку,подарок,подарком,подарке
592,рубашка,рубашки,рубашке,рубашку,рубашкой,рубашке
593,август,августа,августу,август,августом,августе
594,объект,объекта,объекту,объект,объектом,объекте
595,университет,университета,университету,университет,университетом,университете
596,охота,охоты,охоте,охоту,охотой,охоте
597,штука,штуки,штуке,штуку,штукой,штуке
598,муха,мухи,мухе,муху,мухой,мухе
599,молоко,молока,молоку,молоко,молоком,молоке
600,буква,буквы,букве,букву,буквой,букве
601,вершина,вершины,вершине,вершину,вершиной,вершине
602,поверхность,поверхности,поверхности,поверхность,поверхностью,поверхности
603,товар,товара,товару,товар,товаром,товаре
604,лапа,лапы,лапе,лапу,лапой,лапе
605,гостиница,гостиницы,гостинице,гостиницу,гостиницей,гостинице
606,середина,середины,середине,середину,серединой,середине
607,бригада,бригады,бригаде,бригаду,бригадой,бригаде
608,признак,признака,признаку,признак,признаком,признаке
609,среда,среды,среде,среду,средой,среде
610,политика,политики,политике,политику,политикой,политике
611,капля,капли,капле,каплю,каплей,капле
612,комитет,комитета,комитету,комитет,комитетом,комитете
613,плащ,плаща,плащу,плащ,плащом,плаще
614,поток,потока,потоку,поток,потоком,потоке
615,холод,холода,холоду,холод,холодом,холоде
616,Париж,Парижа,Парижу,Париж,Парижем,Париже
617,записка,записки,записке,записку,запиской,записке
618,появление,появления,появлению,появление,появлением,появлении
619,платок,платка,платку,платок,платком,платке
620,корпус,корпуса,корпусу,корпус,корпусом,корпусе
621,сведение,сведения,сведению,сведение,сведением,сведении
622,сведение,сведения,сведению,сведение,сведением,сведении
623,забор,забора,забору,забор,забором,заборе
624,строй,строя,строю,строй,строем,строе
625,морда,морды,морде,морду,мордой,морде
626,краска,краски,краске,краску,краской,краске
627,кружок,кружка,кружку,кружок,кружком,кружке
628,могила,могилы,могиле,могилу,могилой,могиле
629,облако,облака,облаку,облако,облаком,облаке
630,милиционер,милиционера,милиционеру,милиционера,милиционером,милиционере
631,сумма,суммы,сумме,сумму,суммой,сумме
632,грех,греха,греху,грех,грехом,грехе
633,ожидание,ожидания,ожиданию,ожидание,ожиданием,ожидании
634,необходимость,необходимости,необходимости,необходимость,необходимостью,необходимости
635,инспектор,инспектора,инспектору,инспектора,инспектором,инспекторе
636,сообщение,сообщения,сообщению,сообщение,сообщением,сообщении
637,стенка,стенки,стенке,стенку,стенкой,стенке
638,подъезд,подъезда,подъезду,подъезд,подъездом,подъезде
639,парк,парка,парку,парк,парком,парке
640,вокзал,вокзала,вокзалу,вокзал,вокзалом,вокзале
641,взрыв,взрыва,взрыву,взрыв,взрывом,взрыве
642,расстояние,расстояния,расстоянию,расстояние,расстоянием,расстоянии
643,локоть,локтя,локтю,локоть,локтем,локте
644,актёр,актёра,актёру,актёра,актёром,актёре
645,ус,уса,усу,ус,усом,усе
646,куртка,куртки,куртке,куртку,курткой,куртке
647,луна,луны,луне,луну,луной,луне
648,скала,скалы,скале,скалу,скалой,скале
649,скала,скалы,скале,скалу,скалой,скале
650,экономика,экономики,экономике,экономику,экономикой,экономике
651,песнь,песни,песни,песнь,песнью,песни
652,шинель,шинели,шинели,шинель,шинелью,шинели
653,волк,волка,волку,волка,волком,волке
654,структура,структуры,структуре,структуру,структурой,структуре
655,сержант,сержанта,сержанту,сержанта,сержантом,сержанте
656,клетка,клетки,клетке,клетку,клеткой,клетке
657,поколение,поколения,поколению,поколение,поколением,поколении
658,газ,ГАЗа,ГАЗу,ГАЗ,ГАЗом,ГАЗе
659,пила,пилы,пиле,пилу,пилой,пиле
660,файл,файла,файлу,файл,файлом,файле
661,орудие,орудия,орудию,орудие,орудием,орудии
662,коллега,коллеги,коллеге,коллегу,коллегой,коллеге
663,просьба,просьбы,просьбе,просьбу,просьбой,просьбе
664,выбор,выбора,выбору,выбор,выбором,выборе
665,куча,кучи,куче,кучу,кучей,куче
666,содержание,содержания,содержанию,содержание,содержанием,содержании
667,разница,разницы,разнице,разницу,разницей,разнице
668,остаток,остатка,остатку,остаток,остатком,остатке
669,расчёт,расчёта,расчёту,расчёт,расчётом,расчёте
670,температура,температуры,температуре,температуру,температурой,температуре
671,республика,республики,республике,республику,республикой,республике
672,пояс,пояса,поясу,пояс,поясом,поясе
673,сентябрь,сентября,сентябрю,сентябрь,сентябрём,сентябре
674,дивизия,дивизии,дивизии,дивизию,дивизией,дивизии
675,гриб,гриба,грибу,гриб,грибом,грибе
676,сравнение,сравнения,сравнению,сравнение,сравнением,сравнении
677,бабка,бабки,бабке,бабку,бабкой,бабке
678,реакция,реакции,реакции,реакцию,реакцией,реакции
679,посёлок,посёлка,посёлку,посёлок,посёлком,посёлке
680,кольцо,кольца,кольцу,кольцо,кольцом,кольце
681,достоинство,достоинства,достоинству,достоинство,достоинством,достоинстве
682,слой,слоя,слою,слой,слоем,слое
683,страсть,страсти,страсти,страсть,страстью,страсти
684,напряжение,напряжения,напряжению,напряжение,напряжением,напряжении
685,коммунист,коммуниста,коммунисту,коммуниста,коммунистом,коммунисте
686,участник,участника,участнику,участника,участником,участнике
687,подруга,подруги,подруге,подругу,подругой,подруге
688,изба,избы,избе,избу,избой,избе
689,пёс,пса,псу,пса,псом,псе
690,заместитель,заместителя,заместителю,заместителя,заместителем,заместителе
691,истина,истины,истине,истину,истиной,истине
692,колонна,колонны,колонне,колонну,колонной,колонне
693,оборона,обороны,обороне,оборону,обороной,обороне
694,элемент,элемента,элементу,элемент,элементом,элементе
695,пиджак,пиджака,пиджаку,пиджак,пиджаком,пиджаке
696,крыльцо,крыльца,крыльцу,крыльцо,крыльцом,крыльце
697,отличие,отличия,отличию,отличие,отличием,отличии
698,исследование,исследования,исследованию,исследование,исследованием,исследовании
699,орден,ордена,ордену,орден,орденом,ордене
700,техника,техники,технике,технику,техникой,технике
701,канал,канала,каналу,канал,каналом,канале
702,девчонка,девчонки,девчонке,девчонку,девчонкой,девчонке
703,теория,теории,теории,теорию,теорией,теории
704,луч,луча,лучу,луч,лучом,луче
705,молчание,молчания,молчанию,молчание,молчанием,молчании
706,батарея,батареи,батарее,батарею,батареей,батарее
707,устройство,устройства,устройству,устройство,устройством,устройстве
708,палка,палки,палке,палку,палкой,палке
709,фонарь,фонаря,фонарю,фонарь,фонарём,фонаре
710,контроль,контроля,контролю,контроль,контролем,контроле
711,ветка,ветки,ветке,ветку,веткой,ветке
712,влияние,влияния,влиянию,влияние,влиянием,влиянии
713,разведка,разведки,разведке,разведку,разведкой,разведке
714,польза,пользы,пользе,пользу,пользой,пользе
715,дочка,дочки,дочке,дочку,дочкой,дочке
716,надпись,надписи,надписи,надпись,надписью,надписи
717,обезьяна,обезьяны,обезьяне,обезьяну,обезьяной,обезьяне
718,печать,печати,печати,печать,печатью,печати
719,крестьянин,крестьянина,крестьянину,крестьянина,крестьянином,крестьянине
720,пальто,пальто,пальто,пальто,пальто,пальто
721,любопытство,любопытства,любопытству,любопытство,любопытством,любопытстве
722,тарелка,тарелки,тарелке,тарелку,тарелкой,тарелке
723,следствие,следствия,следствию,следствие,следствием,следствии
724,ракета,ракеты,ракете,ракету,ракетой,ракете
725,зарплата,зарплаты,зарплате,зарплату,зарплатой,зарплате
726,топор,топора,топору,топор,топором,топоре
727,убийца,убийцы,убийце,убийцу,убийцей,убийце
728,сущность,сущности,сущности,сущность,сущностью,сущности
729,домик,домика,домику,домик,домиком,домике
730,запись,записи,записи,запись,записью,записи
731,пожар,пожара,пожару,пожар,пожаром,пожаре
732,пачка,пачки,пачке,пачку,пачкой,пачке
733,ага,аги,аге,агу,агой,аге
734,свидетель,свидетеля,свидетелю,свидетеля,свидетелем,свидетеле
735,пища,пищи,пище,пищу,пищей,пище
736,забота,заботы,заботе,заботу,заботой,заботе
737,открытие,открытия,открытию,открытие,открытием,открытии
738,девица,девицы,девице,девицу,девицей,девице
739,вождь,вождя,вождю,вождя,вождём,вожде
740,одеяло,одеяла,одеялу,одеяло,одеялом,одеяле
741,храм,храма,храму,храм,храмом,храме
742,пассажир,пассажира,пассажиру,пассажира,пассажиром,пассажире
743,строительство,строительства,строительству,строительство,строительством,строительстве
744,поездка,поездки,поездке,поездку,поездкой,поездке
745,рана,раны,ране,рану,раной,ране
746,верёвка,верёвки,верёвке,верёвку,верёвкой,верёвке
747,погода,погоды,погоде,погоду,погодой,погоде
748,паспорт,паспорта,паспорту,паспорт,паспортом,паспорте
749,привычка,привычки,привычке,привычку,привычкой,привычке
750,холм,холма,холму,холм,холмом,холме
751,шоссе,шоссе,шоссе,шоссе,шоссе,шоссе
752,поворот,поворота,повороту,поворот,поворотом,повороте
753,восторг,восторга,восторгу,восторг,восторгом,восторге
754,мечта,мечты,мечте,мечту,мечтой,мечте
755,кабина,кабины,кабине,кабину,кабиной,кабине
756,картошка,картошки,картошке,картошку,картошкой,картошке
757,Израиль,Израиля,Израилю,Израиль,Израилем,Израиле
758,борода,бороды,бороде,бороду,бородой,бороде
759,запас,запаса,запасу,запас,запасом,запасе
760,молодец,молодца,молодцу,молодца,молодцом,молодце
761,пресса,прессы,прессе,прессу,прессой,прессе
762,подробность,подробности,подробности,подробность,подробностью,подробности
763,талант,таланта,таланту,талант,талантом,таланте
764,особенность,особенности,особенности,особенность,особенностью,особенности
765,дружба,дружбы,дружбе,дружбу,дружбой,дружбе
766,памятник,памятника,памятнику,памятник,памятником,памятнике
767,помощник,помощника,помощнику,помощника,помощником,помощнике
768,шляпа,шляпы,шляпе,шляпу,шляпой,шляпе
769,произведение,произведения,произведению,произведение,произведением,произведении
770,подготовка,подготовки,подготовке,подготовку,подготовкой,подготовке
771,вызов,вызова,вызову,вызов,вызовом,вызове
772,батальон,батальона,батальону,батальон,батальоном,батальоне
773,смена,смены,смене,смену,сменой,смене
774,потеря,потери,потере,потерю,потерей,потере
775,сигнал,сигнала,сигналу,сигнал,сигналом,сигнале
776,затылок,затылка,затылку,затылок,затылком,затылке
777,мотор,мотора,мотору,мотор,мотором,моторе
778,обида,обиды,обиде,обиду,обидой,обиде
779,профессия,профессии,профессии,профессию,профессией,профессии
780,юноша,юноши,юноше,юношу,юношей,юноше
781,юг,юга,югу,юг,югом,юге
782,доля,доли,доле,долю,долей,доле
783,воин,воина,воину,воина,воином,воине
784,медведь,медведя,медведю,медведя,медведем,медведе
785,ведро,ведра,ведру,ведро,ведром,ведре
786,сказка,сказки,сказке,сказку,сказкой,сказке
787,полёт,полёта,полёту,полёт,полётом,полёте
788,пулемёт,пулемёта,пулемёту,пулемёт,пулемётом,пулемёте
789,железо,железа,железу,железо,железом,железе
790,механизм,механизма,механизму,механизм,механизмом,механизме
791,тьма,тьмы,тьме,тьму,тьмой,тьме
792,строка,строки,строке,строку,строкой,строке
793,сфера,сферы,сфере,сферу,сферой,сфере
794,комиссар,комиссара,комиссару,комиссара,комиссаром,комиссаре
795,малыш,малыша,малышу,малыша,малышом,малыше
796,повесть,повести,повести,повесть,повестью,повести
797,поражение,поражения,поражению,поражение,поражением,поражении
798,цифра,цифры,цифре,цифру,цифрой,цифре
799,компьютер,компьютера,компьютеру,компьютер,компьютером,компьютере
800,угроза,угрозы,угрозе,угрозу,угрозой,угрозе
801,исключение,исключения,исключению,исключение,исключением,исключении
802,бумажка,бумажки,бумажке,бумажку,бумажкой,бумажке
803,договор,договора,договору,договор,договором,договоре
804,башня,башни,башне,башню,башней,башне
805,секрет,секрета,секрету,секрет,секретом,секрете
806,лампа,лампы,лампе,лампу,лампой,лампе
807,ремень,ремня,ремню,ремень,ремнём,ремне
808,глупость,глупости,глупости,глупость,глупостью,глупости
809,библиотека,библиотеки,библиотеке,библиотеку,библиотекой,библиотеке
810,ботинок,ботинка,ботинку,ботинок,ботинком,ботинке
811,ткань,ткани,ткани,ткань,тканью,ткани
812,халат,халата,халату,халат,халатом,халате
813,океан,океана,океану,океан,океаном,океане
814,деталь,детали,детали,деталь,деталью,детали
815,радио,радио,радио,радио,радио,радио
816,лидер,лидера,лидеру,лидера,лидером,лидере
817,корова,коровы,корове,корову,коровой,корове
818,преступник,преступника,преступнику,преступника,преступником,преступнике
819,итог,итога,итогу,итог,итогом,итоге
820,задание,задания,заданию,задание,заданием,задании
821,заседание,заседания,заседанию,заседание,заседанием,заседании
822,папка,папки,папке,папку,папкой,папке
823,Франция,Франции,Франции,Францию,Францией,Франции
824,депутат,депутата,депутату,депутата,депутатом,депутате
825,норма,нормы,норме,норму,нормой,норме
826,гном,гнома,гному,гнома,гномом,гноме
827,цепь,цепи,цепи,цепь,цепью,цепи
828,метода,методы,методе,методу,методой,методе
829,ответственность,ответственности,ответственности,ответственность,ответственностью,ответственности
830,пакет,пакета,пакету,пакет,пакетом,пакете
831,уважение,уважения,уважению,уважение,уважением,уважении
832,контакт,контакта,контакту,контакт,контактом,контакте
833,подвал,подвала,подвалу,подвал,подвалом,подвале
834,ужин,ужина,ужину,ужин,ужином,ужине
835,ужин,ужина,ужину,ужин,ужином,ужине
836,переход,перехода,переходу,переход,переходом,переходе
837,бег,бега,бегу,бег,бегом,беге
838,американец,американца,американцу,американца,американцем,американце
839,традиция,традиции,традиции,традицию,традицией,традиции
840,привет,привета,привету,привет,приветом,привете
841,столб,столба,столбу,столб,столбом,столбе
842,услуга,услуги,услуге,услугу,услугой,услуге
843,шеф,шефа,шефу,шефа,шефом,шефе
844,вещество,вещества,веществу,вещество,веществом,веществе
845,баня,бани,бане,баню,баней,бане
846,снаряд,снаряда,снаряду,снаряд,снарядом,снаряде
847,вор,вора,вору,вора,вором,воре
848,разведчик,разведчика,разведчику,разведчика,разведчиком,разведчике
849,редактор,редактора,редактору,редактора,редактором,редакторе
850,бандит,бандита,бандиту,бандита,бандитом,бандите
851,подушка,подушки,подушке,подушку,подушкой,подушке
852,грузовик,грузовика,грузовику,грузовик,грузовиком,грузовике
853,раствор,раствора,раствору,раствор,раствором,растворе
854,яма,ямы,яме,яму,ямой,яме
855,министерство,министерства,министерству,министерство,министерством,министерстве
856,инструмент,инструмента,инструменту,инструмент,инструментом,инструменте
857,стрелок,стрелка,стрелку,стрелка,стрелком,стрелке
858,жест,жеста,жесту,жест,жестом,жесте
859,ноябрь,ноября,ноябрю,ноябрь,ноябрём,ноябре
860,эпоха,эпохи,эпохе,эпоху,эпохой,эпохе
861,отдых,отдыха,отдыху,отдых,отдыхом,отдыхе
862,передача,передачи,передаче,передачу,передачей,передаче
863,звание,звания,званию,звание,званием,звании
864,обязанность,обязанности,обязанности,обязанность,обязанностью,обязанности
865,волнение,волнения,волнению,волнение,волнением,волнении
866,акция,акции,акции,акцию,акцией,акции
867,узел,узла,узлу,узел,узлом,узле
868,редакция,редакции,редакции,редакцию,редакцией,редакции
869,распоряжение,распоряжения,распоряжению,распоряжение,распоряжением,распоряжении
870,май,мая,маю,май,маем,мае
871,поддержка,поддержки,поддержке,поддержку,поддержкой,поддержке
872,дверца,дверцы,дверце,дверцу,дверцей,дверце
873,Чечня,Чечни,Чечне,Чечню,Чечнёй,Чечне
874,марка,марки,марке,марку,маркой,марке
875,разрешение,разрешения,разрешению,разрешение,разрешением,разрешении
876,император,императора,императору,императора,императором,императоре
877,листок,листка,листку,листок,листком,листке
878,двигатель,двигателя,двигателю,двигатель,двигателем,двигателе
879,присутствие,присутствия,присутствию,присутствие,присутствием,присутствии
880,лев,льва,льву,льва,львом,льве
881,возвращение,возвращения,возвращению,возвращение,возвращением,возвращении
882,коробка,коробки,коробке,коробку,коробкой,коробке
883,печка,печки,печке,печку,печкой,печке
884,поступок,поступка,поступку,поступок,поступком,поступке
885,симптом,симптома,симптому,симптом,симптомом,симптоме
886,кладбище,кладбища,кладбищу,кладбище,кладбищем,кладбище
887,комплекс,комплекса,комплексу,комплекс,комплексом,комплексе
888,комплекс,комплекса,комплексу,комплекс,комплексом,комплексе
889,шанс,шанса,шансу,шанс,шансом,шансе
890,ложка,ложки,ложке,ложку,ложкой,ложке
891,старушка,старушки,старушке,старушку,старушкой,старушке
892,наблюдение,наблюдения,наблюдению,наблюдение,наблюдением,наблюдении
893,декабрь,декабря,декабрю,декабрь,декабрём,декабре
894,палата,палаты,палате,палату,палатой,палате
895,судья,судьи,судье,судью,судьёй,судье
896,винтовка,винтовки,винтовке,винтовку,винтовкой,винтовке
897,горизонт,горизонта,горизонту,горизонт,горизонтом,горизонте
898,портфель,портфеля,портфелю,портфель,портфелем,портфеле
899,июнь,июня,июню,июнь,июнем,июне
900,требование,требования,требованию,требование,требованием,требовании
901,ценность,ценности,ценности,ценность,ценностью,ценности
902,гений,гения,гению,гения,гением,гении
903,пламя,пламени,пламени,пламя,пламенем,пламени
904,стиль,стиля,стилю,стиль,стилем,стиле
905,лук,лука,луку,лук,луком,луке
906,госпиталь,госпиталя,госпиталю,госпиталь,госпиталем,госпитале
907,агент,агента,агенту,агента,агентом,агенте
908,публика,публики,публике,публику,публикой,публике
909,князь,князя,князю,князя,князем,князе
910,ненависть,ненависти,ненависти,ненависть,ненавистью,ненависти
911,собственность,собственности,собственности,собственность,собственностью,собственности
912,март,марта,марту,март,мартом,марте
913,вертолёт,вертолёта,вертолёту,вертолёт,вертолётом,вертолёте
914,дар,дара,дару,дар,даром,даре
915,моряк,моряка,моряку,моряка,моряком,моряке
916,перо,пера,перу,перо,пером,пере
917,колхоз,колхоза,колхозу,колхоз,колхозом,колхозе
918,владелец,владельца,владельцу,владельца,владельцем,владельце
919,концерт,концерта,концерту,концерт,концертом,концерте
920,знакомство,знакомства,знакомству,знакомство,знакомством,знакомстве
921,слабость,слабости,слабости,слабость,слабостью,слабости
922,рыбак,рыбака,рыбаку,рыбака,рыбаком,рыбаке
923,яйцо,яйца,яйцу,яйцо,яйцом,яйце
924,отель,отеля,отелю,отель,отелем,отеле
925,лаборатория,лаборатории,лаборатории,лабораторию,лабораторией,лаборатории
926,степь,степи,степи,степь,степью,степи
927,объяснение,объяснения,объяснению,объяснение,объяснением,объяснении
928,туча,тучи,туче,тучу,тучей,туче
929,взвод,взвода,взводу,взвод,взводом,взводе
930,огород,огорода,огороду,огород,огородом,огороде
931,клиент,клиента,клиенту,клиента,клиентом,клиенте
932,мелочь,мелочи,мелочи,мелочь,мелочью,мелочи
933,склон,склона,склону,склон,склоном,склоне
934,пушок,пушка,пушку,пушок,пушком,пушке
935,тётка,тётки,тётке,тётку,тёткой,тётке
936,лётчик,лётчика,лётчику,лётчика,лётчиком,лётчике
937,лекарство,лекарства,лекарству,лекарство,лекарством,лекарстве
938,лекарство,лекарства,лекарству,лекарство,лекарством,лекарстве
939,гвоздь,гвоздя,гвоздю,гвоздь,гвоздём,гвозде
940,ружьё,ружья,ружью,ружьё,ружьём,ружье
941,кандидат,кандидата,кандидату,кандидата,кандидатом,кандидате
942,разум,разума,разуму,разум,разумом,разуме
943,благо,блага,благу,благо,благом,благе
944,назначение,назначения,назначению,назначение,назначением,назначении
945,нерв,нерва,нерву,нерв,нервом,нерве
946,администрация,администрации,администрации,администрацию,администрацией,администрации
947,подбородок,подбородка,подбородку,подбородок,подбородком,подбородке
948,этап,этапа,этапу,этап,этапом,этапе
949,бомба,бомбы,бомбе,бомбу,бомбой,бомбе
950,политик,политика,политику,политика,политиком,политике
951,карьера,карьеры,карьере,карьеру,карьерой,карьере
952,действительность,действительности,действительности,действительность,действительностью,действительности
953,заяц,зайца,зайцу,зайца,зайцем,зайце
954,дума,думы,думе,думу,думой,думе
955,метро,метро,метро,метро,метро,метро
956,городок,городка,городку,городок,городком,городке
957,экзамен,экзамена,экзамену,экзамен,экзаменом,экзамене
958,гибель,гибели,гибели,гибель,гибелью,гибели
959,кнопка,кнопки,кнопке,кнопку,кнопкой,кнопке
960,ангел,ангела,ангелу,ангела,ангелом,ангеле
961,огонёк,огонька,огоньку,огонёк,огоньком,огоньке
962,доклад,доклада,докладу,доклад,докладом,докладе
963,последствие,последствия,последствию,последствие,последствием,последствии
964,сволочь,сволочи,сволочи,сволочь,сволочью,сволочи
965,роза,розы,розе,розу,розой,розе
966,яблоко,яблока,яблоку,яблоко,яблоком,яблоке
967,кадр,кадра,кадру,кадр,кадром,кадре
968,дорожка,дорожки,дорожке,дорожку,дорожкой,дорожке
969,губернатор,губернатора,губернатору,губернатора,губернатором,губернаторе
970,тяжесть,тяжести,тяжести,тяжесть,тяжестью,тяжести
971,частность,частности,частности,частность,частностью,частности
972,пенсия,пенсии,пенсии,пенсию,пенсией,пенсии
973,июль,июля,июлю,июль,июлем,июле
974,фонд,фонда,фонду,фонд,фондом,фонде
975,воображение,воображения,воображению,воображение,воображением,воображении
976,искра,искры,искре,искру,искрой,искре
977,отчаяние,отчаяния,отчаянию,отчаяние,отчаянием,отчаянии
978,бизнес,бизнеса,бизнесу,бизнес,бизнесом,бизнесе
979,болото,болота,болоту,болото,болотом,болоте
980,сэр,сэра,сэру,сэра,сэром,сэре
981,виза,визы,визе,визу,визой,визе
982,отпуск,отпуска,отпуску,отпуск,отпуском,отпуске
983,изображение,изображения,изображению,изображение,изображением,изображении
984,оценка,оценки,оценке,оценку,оценкой,оценке
985,груз,груза,грузу,груз,грузом,грузе
986,бюджет,бюджета,бюджету,бюджет,бюджетом,бюджете
987,использование,использования,использованию,использование,использованием,использовании
988,кролик,кролика,кролику,кролика,кроликом,кролике
989,доказательство,доказательства,доказательству,доказательство,доказательством,доказательстве
990,танец,танца,танцу,танец,танцем,танце
991,внук,внука,внуку,внука,внуком,внуке
992,гордость,гордости,гордости,гордость,гордостью,гордости
993,получение,получения,получению,получение,получением,получении
994,стук,стука,стуку,стук,стуком,стуке
995,январь,января,январю,январь,январём,январе
996,шкура,шкуры,шкуре,шкуру,шкурой,шкуре
997,заключение,заключения,заключению,заключение,заключением,заключении
998,ковёр,ковра,ковру,ковёр,ковром,ковре
999,койка,койки,койке,койку,койкой,койке
1000,недостаток,недостатка,недостатку,недостаток,недостатком,недостатке
1001,наличие,наличия,наличию,наличие,наличием,наличии
1002,статус,статуса,статусу,статус,статусом,статусе
1003,поход,похода,походу,поход,походом,походе
1004,училище,училища,училищу,училище,училищем,училище
1005,рыцарь,рыцаря,рыцарю,рыцаря,рыцарем,рыцаре
1006,прибор,прибора,прибору,прибор,прибором,приборе
1007,карточка,карточки,карточке,карточку,карточкой,карточке
1008,государь,государя,государю,государя,государем,государе
1009,путешествие,путешествия,путешествию,путешествие,путешествием,путешествии
1010,зритель,зрителя,зрителю,зрителя,зрителем,зрителе
1011,империя,империи,империи,империю,империей,империи
1012,девка,девки,девке,девку,девкой,девке
1013,давление,давления,давлению,давление,давлением,давлении
1014,патрон,патрона,патрону,патрон,патроном,патроне
1015,мина,мины,мине,мину,миной,мине
1016,спектакль,спектакля,спектаклю,спектакль,спектаклем,спектакле
1017,применение,применения,применению,применение,применением,применении
1018,лекция,лекции,лекции,лекцию,лекцией,лекции
1019,желудок,желудка,желудку,желудок,желудком,желудке
1020,супруг,супруга,супругу,супруга,супругом,супруге
1021,потребность,потребности,потребности,потребность,потребностью,потребности
1022,галстук,галстука,галстуку,галстук,галстуком,галстуке
1023,док,дока,доку,док,доком,доке
1024,свадьба,свадьбы,свадьбе,свадьбу,свадьбой,свадьбе
1025,соль,соли,соли,соль,солью,соли
1026,руль,руля,рулю,руль,рулём,руле
1027,штат,штата,штату,штат,штатом,штате
1028,бочок,бочка,бочку,бочок,бочком,бочке
1029,скандал,скандала,скандалу,скандал,скандалом,скандале
1030,завтрак,завтрака,завтраку,завтрак,завтраком,завтраке
1031,сиденье,сиденья,сиденью,сиденье,сиденьем,сиденье
1032,версия,версии,версии,версию,версией,версии
1033,понимание,понимания,пониманию,понимание,пониманием,понимании
1034,охотник,охотника,охотнику,охотника,охотником,охотнике
1035,пустыня,пустыни,пустыне,пустыню,пустыней,пустыне
1036,речка,речки,речке,речку,речкой,речке
1037,бревно,бревна,бревну,бревно,бревном,бревне
1038,стрела,стрелы,стреле,стрелу,стрелой,стреле
1039,академия,академии,академии,академию,академией,академии
1040,промышленность,промышленности,промышленности,промышленность,промышленностью,промышленности
1041,посуда,посуды,посуде,посуду,посудой,посуде
1042,идиот,идиота,идиоту,идиота,идиотом,идиоте
1043,допрос,допроса,допросу,допрос,допросом,допросе
1044,продажа,продажи,продаже,продажу,продажей,продаже
1045,конфликт,конфликта,конфликту,конфликт,конфликтом,конфликте
1046,свойство,свойства,свойству,свойство,свойством,свойстве
1047,свойство,свойства,свойству,свойство,свойством,свойстве
1048,кусочек,кусочка,кусочку,кусочек,кусочком,кусочке
1049,судно,судна,судну,судно,судном,судне
1050,рамка,рамки,рамке,рамку,рамкой,рамке
1051,карандаш,карандаша,карандашу,карандаш,карандашом,карандаше
1052,собеседник,собеседника,собеседнику,собеседника,собеседником,собеседнике
1053,бригадир,бригадира,бригадиру,бригадира,бригадиром,бригадире
1054,грохот,грохота,грохоту,грохот,грохотом,грохоте
1055,драка,драки,драке,драку,дракой,драке
1056,анализ,анализа,анализу,анализ,анализом,анализе
1057,выступление,выступления,выступлению,выступление,выступлением,выступлении
1058,неприятность,неприятности,неприятности,неприятность,неприятностью,неприятности
1059,торговля,торговли,торговле,торговлю,торговлей,торговле
1060,транспорт,транспорта,транспорту,транспорт,транспортом,транспорте
1061,транспорт,транспорта,транспорту,транспорт,транспортом,транспорте
1062,справедливость,справедливости,справедливости,справедливость,справедливостью,справедливости
1063,остановка,остановки,остановке,остановку,остановкой,остановке
1064,невеста,невесты,невесте,невесту,невестой,невесте
1065,рукопись,рукописи,рукописи,рукопись,рукописью,рукописи
1066,блок,блока,блоку,блок,блоком,блоке
1067,экспедиция,экспедиции,экспедиции,экспедицию,экспедицией,экспедиции
1068,уверенность,уверенности,уверенности,уверенность,уверенностью,уверенности
1069,дура,дуры,дуре,дуру,дурой,дуре
1070,красавица,красавицы,красавице,красавицу,красавицей,красавице
1071,крышка,крышки,крышке,крышку,крышкой,крышке
1072,удача,удачи,удаче,удачу,удачей,удаче
1073,сарай,сарая,сараю,сарай,сараем,сарае
1074,контора,конторы,конторе,контору,конторой,конторе
1075,скамейка,скамейки,скамейке,скамейку,скамейкой,скамейке
1076,одиночество,одиночества,одиночеству,одиночество,одиночеством,одиночестве
1077,дьявол,дьявола,дьяволу,дьявола,дьяволом,дьяволе
1078,рассвет,рассвета,рассвету,рассвет,рассветом,рассвете
1079,академик,академика,академику,академика,академиком,академике
1080,обмен,обмена,обмену,обмен,обменом,обмене
1081,каша,каши,каше,кашу,кашей,каше
1082,спичка,спички,спичке,спичку,спичкой,спичке
1083,спора,споры,споре,спору,спорой,споре
1084,Корея,Кореи,Корее,Корею,Кореей,Корее
1085,перевод,перевода,переводу,перевод,переводом,переводе
1086,кафе,кафе,кафе,кафе,кафе,кафе
1087,режиссёр,режиссёра,режиссёру,режиссёра,режиссёром,режиссёре
1088,воскресенье,воскресенья,воскресенью,воскресенье,воскресеньем,воскресенье
1089,отчёт,отчёта,отчёту,отчёт,отчётом,отчёте
1090,проверка,проверки,проверке,проверку,проверкой,проверке
1091,сахар,сахара,сахару,сахар,сахаром,сахаре
1092,лопата,лопаты,лопате,лопату,лопатой,лопате
1093,надел,надела,наделу,надел,наделом,наделе
1094,питание,питания,питанию,питание,питанием,питании
1095,прокурор,прокурора,прокурору,прокурора,прокурором,прокуроре
1096,экипаж,экипажа,экипажу,экипаж,экипажем,экипаже
1097,лифт,лифта,лифту,лифт,лифтом,лифте
1098,такси,такси,такси,такси,такси,такси
1099,трус,труса,трусу,труса,трусом,трусе
1100,иностранец,иностранца,иностранцу,иностранца,иностранцем,иностранце
1101,лента,ленты,ленте,ленту,лентой,ленте
1102,балкон,балкона,балкону,балкон,балконом,балконе
1103,мода,моды,моде,моду,модой,моде
1104,ступенька,ступеньки,ступеньке,ступеньку,ступенькой,ступеньке
1105,окончание,окончания,окончанию,окончание,окончанием,окончании
1106,суп,супа,супу,суп,супом,супе
1107,акт,акта,акту,акт,актом,акте
1108,указание,указания,указанию,указание,указанием,указании
1109,молния,молнии,молнии,молнию,молнией,молнии
1110,глоток,глотка,глотку,глоток,глотком,глотке
1111,поза,позы,позе,позу,позой,позе
1112,пустота,пустоты,пустоте,пустоту,пустотой,пустоте
1113,реальность,реальности,реальности,реальность,реальностью,реальности
1114,музыкант,музыканта,музыканту,музыканта,музыкантом,музыканте
1115,свидание,свидания,свиданию,свидание,свиданием,свидании
1116,брак,брака,браку,брак,браком,браке
1117,глазок,глазка,глазку,глазок,глазком,глазке
1118,свинья,свиньи,свинье,свинью,свиньёй,свинье
1119,рубаха,рубахи,рубахе,рубаху,рубахой,рубахе
1120,принц,принца,принцу,принца,принцем,принце
1121,намерение,намерения,намерению,намерение,намерением,намерении
1122,плод,плода,плоду,плод,плодом,плоде
1123,рубеж,рубежа,рубежу,рубеж,рубежом,рубеже
1124,майка,майки,майке,майку,майкой,майке
1125,ножка,ножки,ножке,ножку,ножкой,ножке
1126,проход,прохода,проходу,проход,проходом,проходе
1127,мистер,мистера,мистеру,мистера,мистером,мистере
1128,происхождение,происхождения,происхождению,происхождение,происхождением,происхождении
1129,достижение,достижения,достижению,достижение,достижением,достижении
1130,проявление,проявления,проявлению,проявление,проявлением,проявлении
1131,цивилизация,цивилизации,цивилизации,цивилизацию,цивилизацией,цивилизации
1132,окоп,окопа,окопу,окоп,окопом,окопе
1133,творчество,творчества,творчеству,творчество,творчеством,творчестве
1134,туалет,туалета,туалету,туалет,туалетом,туалете
1135,волга,Волги,Волге,Волгу,Волгой,Волге
1136,визит,визита,визиту,визит,визитом,визите
1137,корреспондент,корреспондента,корреспонденту,корреспондента,корреспондентом,корреспонденте
1138,учреждение,учреждения,учреждению,учреждение,учреждением,учреждении
1139,нация,нации,нации,нацию,нацией,нации
1140,прибыль,прибыли,прибыли,прибыль,прибылью,прибыли
1141,атмосфера,атмосферы,атмосфере,атмосферу,атмосферой,атмосфере
1142,величество,величества,величеству,величество,величеством,величестве
1143,стоимость,стоимости,стоимости,стоимость,стоимостью,стоимости
1144,страдание,страдания,страданию,страдание,страданием,страдании
1145,вина,вины,вине,вину,виной,вине
1146,ведьма,ведьмы,ведьме,ведьму,ведьмой,ведьме
1147,зависимость,зависимости,зависимости,зависимость,зависимостью,зависимости
1148,рисунок,рисунка,рисунку,рисунок,рисунком,рисунке
1149,ноготь,ногтя,ногтю,ноготь,ногтем,ногте
1150,ложь,лжи,лжи,ложь,ложью,лжи
1151,соображение,соображения,соображению,соображение,соображением,соображении
1152,белок,белка,белку,белок,белком,белке
1153,повышение,повышения,повышению,повышение,повышением,повышении
1154,папироса,папиросы,папиросе,папиросу,папиросой,папиросе
1155,тряпка,тряпки,тряпке,тряпку,тряпкой,тряпке
1156,барон,барона,барону,барона,бароном,бароне
1157,посетитель,посетителя,посетителю,посетителя,посетителем,посетителе
1158,перемена,перемены,перемене,перемену,переменой,перемене
1159,плита,плиты,плите,плиту,плитой,плите
1160,Китай,Китая,Китаю,Китай,Китаем,Китае
1161,окружающее,окружающего,окружающему,окружающее,окружающим,окружающем
1162,картинка,картинки,картинке,картинку,картинкой,картинке
1163,комбат,комбата,комбату,комбата,комбатом,комбате
1164,коллектив,коллектива,коллективу,коллектив,коллективом,коллективе
1165,чтение,чтения,чтению,чтение,чтением,чтении
1166,объём,объёма,объёму,объём,объёмом,объёме
1167,исполнение,исполнения,исполнению,исполнение,исполнением,исполнении
1168,пароход,парохода,пароходу,пароход,пароходом,пароходе
1169,подвиг,подвига,подвигу,подвиг,подвигом,подвиге
1170,продукция,продукции,продукции,продукцию,продукцией,продукции
1171,воздействие,воздействия,воздействию,воздействие,воздействием,воздействии
1172,кирпич,кирпича,кирпичу,кирпич,кирпичом,кирпиче
1173,копейка,копейки,копейке,копейку,копейкой,копейке
1174,наказание,наказания,наказанию,наказание,наказанием,наказании
1175,готовность,готовности,готовности,готовность,готовностью,готовности
1176,уголок,уголка,уголку,уголок,уголком,уголке
1177,установка,установки,установке,установку,установкой,установке
1178,федерация,федерации,федерации,федерацию,федерацией,федерации
1179,слуга,слуги,слуге,слугу,слугой,слуге
1180,подпись,подписи,подписи,подпись,подписью,подписи
1181,сбор,сбора,сбору,сбор,сбором,сборе
1182,отказ,отказа,отказу,отказ,отказом,отказе
1183,металл,металла,металлу,металл,металлом,металле
1184,пещера,пещеры,пещере,пещеру,пещерой,пещере
1185,тротуар,тротуара,тротуару,тротуар,тротуаром,тротуаре
1186,атака,атаки,атаке,атаку,атакой,атаке
1187,решётка,решётки,решётке,решётку,решёткой,решётке
1188,переулок,переулка,переулку,переулок,переулком,переулке
1189,препарат,препарата,препарату,препарат,препаратом,препарате
1190,совещание,совещания,совещанию,совещание,совещанием,совещании
1191,нужда,нужды,нужде,нужду,нуждой,нужде
1192,наряд,наряда,наряду,наряд,нарядом,наряде
1193,советник,советника,советнику,советника,советником,советнике
1194,гимнастёрка,гимнастёрки,гимнастёрке,гимнастёрку,гимнастёркой,гимнастёрке
1195,жалость,жалости,жалости,жалость,жалостью,жалости
1196,чашка,чашки,чашке,чашку,чашкой,чашке
1197,люк,люка,люку,люк,люком,люке
1198,носок,носка,носку,носок,носком,носке
1199,спорт,спорта,спорту,спорт,спортом,спорте
1200,окружение,окружения,окружению,окружение,окружением,окружении
1201,арест,ареста,аресту,арест,арестом,аресте
1202,флот,флота,флоту,флот,флотом,флоте
1203,налог,налога,налогу,налог,налогом,налоге
1204,демократия,демократии,демократии,демократию,демократией,демократии
1205,олень,оленя,оленю,оленя,оленем,олене
1206,турист,туриста,туристу,туриста,туристом,туристе
1207,эффект,эффекта,эффекту,эффект,эффектом,эффекте
1208,конференция,конференции,конференции,конференцию,конференцией,конференции
1209,разрыв,разрыва,разрыву,разрыв,разрывом,разрыве
1210,сосна,сосны,сосне,сосну,сосной,сосне
1211,барин,барина,барину,барина,барином,барине
1212,нападение,нападения,нападению,нападение,нападением,нападении
1213,суббота,субботы,субботе,субботу,субботой,субботе
1214,мыло,мыла,мылу,мыло,мылом,мыле
1215,протокол,протокола,протоколу,протокол,протоколом,протоколе
1216,лавка,лавки,лавке,лавку,лавкой,лавке
1217,примета,приметы,примете,примету,приметой,примете
1218,усталость,усталости,усталости,усталость,усталостью,усталости
1219,величина,величины,величине,величину,величиной,величине
1220,съезд,съезда,съезду,съезд,съездом,съезде
1221,эксперимент,эксперимента,эксперименту,эксперимент,экспериментом,эксперименте
1222,боцман,боцмана,боцману,боцмана,боцманом,боцмане
1223,свеча,свечи,свече,свечу,свечой,свече
1224,асфальт,асфальта,асфальту,асфальт,асфальтом,асфальте
1225,масштаб,масштаба,масштабу,масштаб,масштабом,масштабе
1226,обращение,обращения,обращению,обращение,обращением,обращении
1227,почта,почты,почте,почту,почтой,почте
1228,монах,монаха,монаху,монаха,монахом,монахе
1229,рюмка,рюмки,рюмке,рюмку,рюмкой,рюмке
1230,приключение,приключения,приключению,приключение,приключением,приключении
1231,зад,зада,заду,зад,задом,заде
1232,точность,точности,точности,точность,точностью,точности
1233,четверть,четверти,четверти,четверть,четвертью,четверти
1234,перспектива,перспективы,перспективе,перспективу,перспективой,перспективе
1235,охранник,охранника,охраннику,охранника,охранником,охраннике
1236,справка,справки,справке,справку,справкой,справке
1237,гнев,гнева,гневу,гнев,гневом,гневе
1238,почва,почвы,почве,почву,почвой,почве
1239,плюс,плюса,плюсу,плюс,плюсом,плюсе
1240,рог,рога,рогу,рог,рогом,роге
1241,колдун,колдуна,колдуну,колдуна,колдуном,колдуне
1242,полгода,полугода,полугоду,полгода,полугодом,полугоде
1243,сочинение,сочинения,сочинению,сочинение,сочинением,сочинении
1244,сопротивление,сопротивления,сопротивлению,сопротивление,сопротивлением,сопротивлении
1245,реформа,реформы,реформе,реформу,реформой,реформе
1246,долина,долины,долине,долину,долиной,долине
1247,издание,издания,изданию,издание,изданием,издании
1248,доход,дохода,доходу,доход,доходом,доходе
1249,окошко,окошка,окошку,окошко,окошком,окошке
1250,расход,расхода,расходу,расход,расходом,расходе
1251,змея,змеи,змее,змею,змеёй,змее
1252,проспект,проспекта,проспекту,проспект,проспектом,проспекте
1253,схема,схемы,схеме,схему,схемой,схеме
1254,несчастье,несчастья,несчастью,несчастье,несчастьем,несчастье
1255,минимум,минимума,минимуму,минимум,минимумом,минимуме
1256,Англия,Англии,Англии,Англию,Англией,Англии
1257,спасение,спасения,спасению,спасение,спасением,спасении
1258,подоконник,подоконника,подоконнику,подоконник,подоконником,подоконнике
1259,подъём,подъёма,подъёму,подъём,подъёмом,подъёме
1260,авиация,авиации,авиации,авиацию,авиацией,авиации
1261,признание,признания,признанию,признание,признанием,признании
1262,альбом,альбома,альбому,альбом,альбомом,альбоме
1263,блюдо,блюда,блюду,блюдо,блюдом,блюде
1264,апрель,апреля,апрелю,апрель,апрелем,апреле
1265,кремль,кремля,кремлю,кремль,кремлём,кремле
1266,старичок,старичка,старичку,старичка,старичком,старичке
1267,спальня,спальни,спальне,спальню,спальней,спальне
1268,стремление,стремления,стремлению,стремление,стремлением,стремлении
1269,облегчение,облегчения,облегчению,облегчение,облегчением,облегчении
1270,барак,барака,бараку,барак,бараком,бараке
1271,подозрение,подозрения,подозрению,подозрение,подозрением,подозрении
1272,деятель,деятеля,деятелю,деятеля,деятелем,деятеле
1273,ручей,ручья,ручью,ручей,ручьём,ручье
1274,общение,общения,общению,общение,общением,общении
1275,колбаса,колбасы,колбасе,колбасу,колбасой,колбасе
1276,любитель,любителя,любителю,любителя,любителем,любителе
1277,соответствие,соответствия,соответствию,соответствие,соответствием,соответствии
1278,показание,показания,показанию,показание,показанием,показании
1279,легенда,легенды,легенде,легенду,легендой,легенде
1280,испытание,испытания,испытанию,испытание,испытанием,испытании
1281,челюсть,челюсти,челюсти,челюсть,челюстью,челюсти
1282,Италия,Италии,Италии,Италию,Италией,Италии
1283,уход,ухода,уходу,уход,уходом,уходе
1284,осколок,осколка,осколку,осколок,осколком,осколке
1285,соседка,соседки,соседке,соседку,соседкой,соседке
1286,телеграмма,телеграммы,телеграмме,телеграмму,телеграммой,телеграмме
1287,уголь,угля,углю,уголь,углем,угле
1288,согласие,согласия,согласию,согласие,согласием,согласии
1289,звон,звона,звону,звон,звоном,звоне
1290,заказ,заказа,заказу,заказ,заказом,заказе
1291,чеченец,чеченца,чеченцу,чеченца,чеченцем,чеченце
1292,практика,практики,практике,практику,практикой,практике
1293,стойка,стойки,стойке,стойку,стойкой,стойке
1294,интеллигенция,интеллигенции,интеллигенции,интеллигенцию,интеллигенцией,интеллигенции
1295,лампочка,лампочки,лампочке,лампочку,лампочкой,лампочке
1296,ген,гена,гену,ген,геном,гене
1297,мышца,мышцы,мышце,мышцу,мышцей,мышце
1298,благодарность,благодарности,благодарности,благодарность,благодарностью,благодарности
1299,категория,категории,категории,категорию,категорией,категории
1300,пуговица,пуговицы,пуговице,пуговицу,пуговицей,пуговице
1301,наступление,наступления,наступлению,наступление,наступлением,наступлении
1302,раб,раба,рабу,раба,рабом,рабе
1303,образец,образца,образцу,образец,образцом,образце
1304,выполнение,выполнения,выполнению,выполнение,выполнением,выполнении
1305,падение,падения,падению,падение,падением,падении
1306,имущество,имущества,имуществу,имущество,имуществом,имуществе
1307,приезд,приезда,приезду,приезд,приездом,приезде
1308,пляж,пляжа,пляжу,пляж,пляжем,пляже
1309,сюжет,сюжета,сюжету,сюжет,сюжетом,сюжете
1310,слон,слона,слону,слона,слоном,слоне
1311,монастырь,монастыря,монастырю,монастырь,монастырём,монастыре
1312,подросток,подростка,подростку,подростка,подростком,подростке
1313,богатство,богатства,богатству,богатство,богатством,богатстве
1314,дневник,дневника,дневнику,дневник,дневником,дневнике
1315,базар,базара,базару,базар,базаром,базаре
1316,проволока,проволоки,проволоке,проволоку,проволокой,проволоке
1317,проволока,проволоки,проволоке,проволоку,проволокой,проволоке
1318,ярость,ярости,ярости,ярость,яростью,ярости
1319,воротник,воротника,воротнику,воротник,воротником,воротнике
1320,подполковник,подполковника,подполковнику,подполковника,подполковником,подполковнике
1321,длина,длины,длине,длину,длиной,длине
1322,авторитет,авторитета,авторитету,авторитет,авторитетом,авторитете
1323,принцесса,принцессы,принцессе,принцессу,принцессой,принцессе
1324,туфля,туфли,туфле,туфлю,туфлей,туфле
1325,ветвь,ветви,ветви,ветвь,ветвью,ветви
1326,кризис,кризиса,кризису,кризис,кризисом,кризисе
1327,отъезд,отъезда,отъезду,отъезд,отъездом,отъезде
1328,предок,предка,предку,предка,предком,предке
1329,жидкость,жидкости,жидкости,жидкость,жидкостью,жидкости
1330,оркестр,оркестра,оркестру,оркестр,оркестром,оркестре
1331,дыра,дыры,дыре,дыру,дырой,дыре
1332,волшебник,волшебника,волшебнику,волшебника,волшебником,волшебнике
1333,обвинение,обвинения,обвинению,обвинение,обвинением,обвинении
1334,рис,риса,рису,рис,рисом,рисе
1335,маршрут,маршрута,маршруту,маршрут,маршрутом,маршруте
1336,маршал,маршала,маршалу,маршала,маршалом,маршале
1337,большевик,большевика,большевику,большевика,большевиком,большевике
1338,спинка,спинки,спинке,спинку,спинкой,спинке
1339,общежитие,общежития,общежитию,общежитие,общежитием,общежитии
1340,определение,определения,определению,определение,определением,определении
1341,гад,гада,гаду,гада,гадом,гаде
1342,приступ,приступа,приступу,приступ,приступом,приступе
1343,крепость,крепости,крепости,крепость,крепостью,крепости
1344,треск,треска,треску,треск,треском,треске
1345,интервью,интервью,интервью,интервью,интервью,интервью
1346,учительница,учительницы,учительнице,учительницу,учительницей,учительнице
1347,конверт,конверта,конверту,конверт,конвертом,конверте
1348,анекдот,анекдота,анекдоту,анекдот,анекдотом,анекдоте
1349,физиономия,физиономии,физиономии,физиономию,физиономией,физиономии
1350,трамвай,трамвая,трамваю,трамвай,трамваем,трамвае
1351,квартал,квартала,кварталу,квартал,кварталом,квартале
1352,риск,риска,риску,риск,риском,риске
1353,дружок,дружка,дружку,дружка,дружком,дружке
1354,прыжок,прыжка,прыжку,прыжок,прыжком,прыжке
1355,фабрика,фабрики,фабрике,фабрику,фабрикой,фабрике
1356,оболочка,оболочки,оболочке,оболочку,оболочкой,оболочке
1357,описание,описания,описанию,описание,описанием,описании
1358,взор,взора,взору,взор,взором,взоре
1359,адвокат,адвоката,адвокату,адвоката,адвокатом,адвокате
1360,заведение,заведения,заведению,заведение,заведением,заведении
1361,архив,архива,архиву,архив,архивом,архиве
1362,замысел,замысла,замыслу,замысел,замыслом,замысле
1363,курсант,курсанта,курсанту,курсанта,курсантом,курсанте
1364,фуражка,фуражки,фуражке,фуражку,фуражкой,фуражке
1365,февраль,февраля,февралю,февраль,февралём,феврале
1366,капитал,капитала,капиталу,капитал,капиталом,капитале
1367,фашист,фашиста,фашисту,фашиста,фашистом,фашисте
1368,полотенце,полотенца,полотенцу,полотенце,полотенцем,полотенце
1369,инструкция,инструкции,инструкции,инструкцию,инструкцией,инструкции
1370,маг,мага,магу,мага,магом,маге
1371,лужа,лужи,луже,лужу,лужей,луже
1372,тонна,тонны,тонне,тонну,тонной,тонне
1373,напиток,напитка,напитку,напиток,напитком,напитке
1374,пьеса,пьесы,пьесе,пьесу,пьесой,пьесе
1375,раздражение,раздражения,раздражению,раздражение,раздражением,раздражении
1376,телевидение,телевидения,телевидению,телевидение,телевидением,телевидении
1377,процедура,процедуры,процедуре,процедуру,процедурой,процедуре
1378,жених,жениха,жениху,жениха,женихом,женихе
1379,натура,натуры,натуре,натуру,натурой,натуре
1380,маска,маски,маске,маску,маской,маске
1381,конкурс,конкурса,конкурсу,конкурс,конкурсом,конкурсе
1382,технология,технологии,технологии,технологию,технологией,технологии
1383,струя,струи,струе,струю,струёй,струе
1384,аккумулятор,аккумулятора,аккумулятору,аккумулятор,аккумулятором,аккумуляторе
1385,кисть,кисти,кисти,кисть,кистью,кисти
1386,проведение,проведения,проведению,проведение,проведением,проведении
1387,ставка,ставки,ставке,ставку,ставкой,ставке
1388,провод,провода,проводу,провод,проводом,проводе
1389,провод,провода,проводу,провод,проводом,проводе
1390,реклама,рекламы,рекламе,рекламу,рекламой,рекламе
1391,комендант,коменданта,коменданту,коменданта,комендантом,коменданте
1392,премьера,премьеры,премьере,премьеру,премьерой,премьере
1393,поцелуй,поцелуя,поцелую,поцелуй,поцелуем,поцелуе
1394,прогулка,прогулки,прогулке,прогулку,прогулкой,прогулке
1395,Япония,Японии,Японии,Японию,Японией,Японии
1396,орёл,орла,орлу,орла,орлом,орле
1397,техник,техника,технику,техника,техником,технике
1398,прогресс,прогресса,прогрессу,прогресс,прогрессом,прогрессе
1399,трудность,трудности,трудности,трудность,трудностью,трудности
1400,казарма,казармы,казарме,казарму,казармой,казарме
1401,нар,нара,нару,нара,наром,наре
1402,кислота,кислоты,кислоте,кислоту,кислотой,кислоте
1403,юбка,юбки,юбке,юбку,юбкой,юбке
1404,полдень,полудня,полудню,полдень,полуднем,полудне
1405,овраг,оврага,оврагу,овраг,оврагом,овраге
1406,череп,черепа,черепу,череп,черепом,черепе
1407,доверие,доверия,доверию,доверие,доверием,доверии
1408,рожа,рожи,роже,рожу,рожей,роже
1409,каюта,каюты,каюте,каюту,каютой,каюте
1410,символ,символа,символу,символ,символом,символе
1411,дата,даты,дате,дату,датой,дате
1412,физика,физики,физике,физику,физикой,физике
1413,регион,региона,региону,регион,регионом,регионе
1414,игрушка,игрушки,игрушке,игрушку,игрушкой,игрушке
1415,стыд,стыда,стыду,стыд,стыдом,стыде
1416,матрос,матроса,матросу,матроса,матросом,матросе
1417,гараж,гаража,гаражу,гараж,гаражом,гараже
1418,фюрер,фюрера,фюреру,фюрера,фюрером,фюрере
1419,окраина,окраины,окраине,окраину,окраиной,окраине
1420,издательство,издательства,издательству,издательство,издательством,издательстве
1421,происшествие,происшествия,происшествию,происшествие,происшествием,происшествии
1422,ноль,нуля,нулю,ноль,нулём,нуле
1423,приход,прихода,приходу,приход,приходом,приходе
1424,премия,премии,премии,премию,премией,премии
1425,прихожая,прихожей,прихожей,прихожую,прихожей,прихожей
1426,сосуд,сосуда,сосуду,сосуд,сосудом,сосуде
1427,котелок,котелка,котелку,котелок,котелком,котелке
1428,округ,округа,округу,округ,округом,округе
1429,хор,хора,хору,хор,хором,хоре
1430,бокал,бокала,бокалу,бокал,бокалом,бокале
1431,Лондон,Лондона,Лондону,Лондон,Лондоном,Лондоне
1432,машинка,машинки,машинке,машинку,машинкой,машинке
1433,щит,щита,щиту,щит,щитом,щите
1434,рюкзак,рюкзака,рюкзаку,рюкзак,рюкзаком,рюкзаке
1435,фантазия,фантазии,фантазии,фантазию,фантазией,фантазии
1436,учёт,учёта,учёту,учёт,учётом,учёте
1437,мероприятие,мероприятия,мероприятию,мероприятие,мероприятием,мероприятии
1438,трагедия,трагедии,трагедии,трагедию,трагедией,трагедии
1439,награда,награды,награде,награду,наградой,награде
1440,партнёр,партнёра,партнёру,партнёра,партнёром,партнёре
1441,вопль,вопля,воплю,вопль,воплем,вопле
1442,перерыв,перерыва,перерыву,перерыв,перерывом,перерыве
1443,набережная,набережной,набережной,набережную,набережной,набережной
1444,воспитание,воспитания,воспитанию,воспитание,воспитанием,воспитании
1445,недоумение,недоумения,недоумению,недоумение,недоумением,недоумении
1446,преподаватель,преподавателя,преподавателю,преподавателя,преподавателем,преподавателе
1447,приговор,приговора,приговору,приговор,приговором,приговоре
1448,стадо,стада,стаду,стадо,стадом,стаде
1449,калитка,калитки,калитке,калитку,калиткой,калитке
1450,копия,копии,копии,копию,копией,копии
1451,увеличение,увеличения,увеличению,увеличение,увеличением,увеличении
1452,мадам,мадам,мадам,мадам,мадам,мадам
1453,наслаждение,наслаждения,наслаждению,наслаждение,наслаждением,наслаждении
1454,табак,табака,табаку,табак,табаком,табаке
1455,космос,космоса,космосу,космос,космосом,космосе
1456,катастрофа,катастрофы,катастрофе,катастрофу,катастрофой,катастрофе
1457,командировка,командировки,командировке,командировку,командировкой,командировке
1458,холодильник,холодильника,холодильнику,холодильник,холодильником,холодильнике
1459,подход,подхода,подходу,подход,подходом,подходе
1460,цепочка,цепочки,цепочке,цепочку,цепочкой,цепочке
1461,зависть,зависти,зависти,зависть,завистью,зависти
1462,гул,гула,гулу,гул,гулом,гуле
1463,зерно,зерна,зерну,зерно,зерном,зерне
1464,пустяк,пустяка,пустяку,пустяк,пустяком,пустяке
1465,котёл,котла,котлу,котёл,котлом,котле
1466,подряд,подряда,подряду,подряд,подрядом,подряде
1467,хоббит,хоббита,хоббиту,хоббита,хоббитом,хоббите
1468,флаг,флага,флагу,флаг,флагом,флаге
1469,пионер,пионера,пионеру,пионера,пионером,пионере
1470,манера,манеры,манере,манеру,манерой,манере
1471,злость,злости,злости,злость,злостью,злости
1472,жалоба,жалобы,жалобе,жалобу,жалобой,жалобе
1473,учение,учения,учению,учение,учением,учении
1474,медаль,медали,медали,медаль,медалью,медали
1475,шпион,шпиона,шпиону,шпиона,шпионом,шпионе
1476,сезон,сезона,сезону,сезон,сезоном,сезоне
1477,пришелец,пришельца,пришельцу,пришельца,пришельцем,пришельце
1478,танцор,танцора,танцору,танцора,танцором,танцоре
1479,преимущество,преимущества,преимуществу,преимущество,преимуществом,преимуществе
1480,облик,облика,облику,облик,обликом,облике
1481,формула,формулы,формуле,формулу,формулой,формуле
1482,сынок,сынка,сынку,сынка,сынком,сынке
1483,намёк,намёка,намёку,намёк,намёком,намёке
1484,командование,командования,командованию,командование,командованием,командовании
1485,грек,грека,греку,грека,греком,греке
1486,оборот,оборота,обороту,оборот,оборотом,обороте
1487,термин,термина,термину,термин,термином,термине
1488,идеал,идеала,идеалу,идеал,идеалом,идеале
1489,марш,марша,маршу,марш,маршем,марше
1490,умение,умения,умению,умение,умением,умении
1491,стихотворение,стихотворения,стихотворению,стихотворение,стихотворением,стихотворении
1492,покупатель,покупателя,покупателю,покупателя,покупателем,покупателе
1493,спокойствие,спокойствия,спокойствию,спокойствие,спокойствием,спокойствии
1494,нефть,нефти,нефти,нефть,нефтью,нефти
1495,вена,вены,вене,вену,веной,вене
1496,трактор,трактора,трактору,трактор,трактором,тракторе
1497,килограмм,килограмма,килограмму,килограмм,килограммом,килограмме
1498,Эстония,Эстонии,Эстонии,Эстонию,Эстонией,Эстонии
1499,добыча,добычи,добыче,добычу,добычей,добыче
1500,обычай,обычая,обычаю,обычай,обычаем,обычае
1501,мотоцикл,мотоцикла,мотоциклу,мотоцикл,мотоциклом,мотоцикле
1502,ванна,ванны,ванне,ванну,ванной,ванне
1503,продолжение,продолжения,продолжению,продолжение,продолжением,продолжении
1504,политбюро,политбюро,политбюро,политбюро,политбюро,политбюро
1505,диск,диска,диску,диск,диском,диске
1506,ссылка,ссылки,ссылке,ссылку,ссылкой,ссылке
1507,тёща,тёщи,тёще,тёщу,тёщей,тёще
1508,палуба,палубы,палубе,палубу,палубой,палубе
1509,перчатка,перчатки,перчатке,перчатку,перчаткой,перчатке
1510,пузырь,пузыря,пузырю,пузырь,пузырём,пузыре
1511,серия,серии,серии,серию,серией,серии
1512,велосипед,велосипеда,велосипеду,велосипед,велосипедом,велосипеде
1513,ресурс,ресурса,ресурсу,ресурс,ресурсом,ресурсе
1514,тетрадь,тетради,тетради,тетрадь,тетрадью,тетради
1515,жажда,жажды,жажде,жажду,жаждой,жажде
1516,петух,петуха,петуху,петуха,петухом,петухе
1517,порошок,порошка,порошку,порошок,порошком,порошке
1518,растение,растения,растению,растение,растением,растении
1519,удав,удава,удаву,удава,удавом,удаве
1520,башмак,башмака,башмаку,башмак,башмаком,башмаке
1521,лыжа,лыжи,лыже,лыжу,лыжей,лыже
1522,пропаганда,пропаганды,пропаганде,пропаганду,пропагандой,пропаганде
1523,снижение,снижения,снижению,снижение,снижением,снижении
1524,плач,плача,плачу,плач,плачем,плаче
1525,салон,салона,салону,салон,салоном,салоне
1526,замечание,замечания,замечанию,замечание,замечанием,замечании
1527,беспокойство,беспокойства,беспокойству,беспокойство,беспокойством,беспокойстве
1528,братец,братца,братцу,братца,братцем,братце
1529,оборудование,оборудования,оборудованию,оборудование,оборудованием,оборудовании
1530,буфет,буфета,буфету,буфет,буфетом,буфете
1531,аргумент,аргумента,аргументу,аргумент,аргументом,аргументе
1532,неожиданность,неожиданности,неожиданности,неожиданность,неожиданностью,неожиданности
1533,цирк,цирка,цирку,цирк,цирком,цирке
1534,инвалид,инвалида,инвалиду,инвалида,инвалидом,инвалиде
1535,исход,исхода,исходу,исход,исходом,исходе
1536,бюро,бюро,бюро,бюро,бюро,бюро
1537,бедро,бедра,бедру,бедро,бедром,бедре
1538,вздох,вздоха,вздоху,вздох,вздохом,вздохе
1539,зелень,зелени,зелени,зелень,зеленью,зелени
1540,освобождение,освобождения,освобождению,освобождение,освобождением,освобождении
1541,село,села,селу,село,селом,селе
1542,аэродром,аэродрома,аэродрому,аэродром,аэродромом,аэродроме
1543,племя,племени,племени,племя,племенем,племени
1544,мышь,мыши,мыши,мышь,мышью,мыши
1545,шуба,шубы,шубе,шубу,шубой,шубе
1546,всадник,всадника,всаднику,всадника,всадником,всаднике
1547,доступ,доступа,доступу,доступ,доступом,доступе
1548,крючок,крючка,крючку,крючок,крючком,крючке
1549,медицина,медицины,медицине,медицину,медициной,медицине
1550,боевик,боевика,боевику,боевика,боевиком,боевике
1551,посольство,посольства,посольству,посольство,посольством,посольстве
1552,пребывание,пребывания,пребыванию,пребывание,пребыванием,пребывании
1553,кончик,кончика,кончику,кончик,кончиком,кончике
1554,миллиард,миллиарда,миллиарду,миллиард,миллиардом,миллиарде
1555,монета,монеты,монете,монету,монетой,монете
1556,свист,свиста,свисту,свист,свистом,свисте
1557,шерсть,шерсти,шерсти,шерсть,шерстью,шерсти
1558,предположение,предположения,предположению,предположение,предположением,предположении
1559,повар,повара,повару,повара,поваром,поваре
1560,тварь,твари,твари,тварь,тварью,твари
1561,казак,казака,казаку,казака,казаком,казаке
1562,неудача,неудачи,неудаче,неудачу,неудачей,неудаче
1563,приглашение,приглашения,приглашению,приглашение,приглашением,приглашении
1564,размышление,размышления,размышлению,размышление,размышлением,размышлении
1565,градус,градуса,градусу,градус,градусом,градусе
1566,школьник,школьника,школьнику,школьника,школьником,школьнике
1567,биография,биографии,биографии,биографию,биографией,биографии
1568,дровосек,дровосека,дровосеку,дровосека,дровосеком,дровосеке
1569,критика,критики,критике,критику,критикой,критике
1570,китаец,китайца,китайцу,китайца,китайцем,китайце
1571,философия,философии,философии,философию,философией,философии
1572,набор,набора,набору,набор,набором,наборе
1573,загадка,загадки,загадке,загадку,загадкой,загадке
1574,характеристика,характеристики,характеристике,характеристику,характеристикой,характеристике
1575,англичанин,англичанина,англичанину,англичанина,англичанином,англичанине
1576,бинокль,бинокля,биноклю,бинокль,биноклем,бинокле
1577,колодец,колодца,колодцу,колодец,колодцем,колодце
1578,седло,седла,седлу,седло,седлом,седле
1579,повязка,повязки,повязке,повязку,повязкой,повязке
1580,порыв,порыва,порыву,порыв,порывом,порыве
1581,граната,гранаты,гранате,гранату,гранатой,гранате
1582,хутор,хутора,хутору,хутор,хутором,хуторе
1583,воспаление,воспаления,воспалению,воспаление,воспалением,воспалении
1584,пациент,пациента,пациенту,пациента,пациентом,пациенте
1585,палочка,палочки,палочке,палочку,палочкой,палочке
1586,графа,графы,графе,графу,графой,графе
1587,покупка,покупки,покупке,покупку,покупкой,покупке
1588,объявление,объявления,объявлению,объявление,объявлением,объявлении
1589,роса,росы,росе,росу,росой,росе
1590,воробей,воробья,воробью,воробья,воробьём,воробье
1591,простыня,простыни,простыне,простыню,простынёй,простыне
1592,Одесса,Одессы,Одессе,Одессу,Одессой,Одессе
1593,десятилетие,десятилетия,десятилетию,десятилетие,десятилетием,десятилетии
1594,корзина,корзины,корзине,корзину,корзиной,корзине
1595,петля,петли,петле,петлю,петлей,петле
1596,кампания,кампании,кампании,кампанию,кампанией,кампании
1597,вспышка,вспышки,вспышке,вспышку,вспышкой,вспышке
1598,гнездо,гнезда,гнезду,гнездо,гнездом,гнезде
1599,покойник,покойника,покойнику,покойника,покойником,покойнике
1600,известие,известия,известию,известие,известием,известии
1601,Польша,Польши,Польше,Польшу,Польшей,Польше
1602,ягода,ягоды,ягоде,ягоду,ягодой,ягоде
1603,столетие,столетия,столетию,столетие,столетием,столетии
1604,француз,француза,французу,француза,французом,французе
1605,упор,упора,упору,упор,упором,упоре
1606,отверстие,отверстия,отверстию,отверстие,отверстием,отверстии
1607,рама,рамы,раме,раму,рамой,раме
1608,одиночка,одиночки,одиночке,одиночку,одиночкой,одиночке
1609,указ,указа,указу,указ,указом,указе
1610,ограда,ограды,ограде,ограду,оградой,ограде
1611,ступень,ступени,ступени,ступень,ступенью,ступени
1612,злоба,злобы,злобе,злобу,злобой,злобе
1613,скамья,скамьи,скамье,скамью,скамьёй,скамье
1614,смесь,смеси,смеси,смесь,смесью,смеси
1615,кран,крана,крану,кран,краном,кране
1616,суета,суеты,суете,суету,суетой,суете
1617,зрелище,зрелища,зрелищу,зрелище,зрелищем,зрелище
1618,противоречие,противоречия,противоречию,противоречие,противоречием,противоречии
1619,ресница,ресницы,реснице,ресницу,ресницей,реснице
1620,изумление,изумления,изумлению,изумление,изумлением,изумлении
1621,башка,башки,башке,башку,башкой,башке
1622,священник,священника,священнику,священника,священником,священнике
1623,побег,побега,побегу,побег,побегом,побеге
1624,протяжение,протяжения,протяжению,протяжение,протяжением,протяжении
1625,штурман,штурмана,штурману,штурмана,штурманом,штурмане
1626,хата,хаты,хате,хату,хатой,хате
1627,философ,философа,философу,философа,философом,философе
1628,расположение,расположения,расположению,расположение,расположением,расположении
1629,эпизод,эпизода,эпизоду,эпизод,эпизодом,эпизоде
1630,знамя,знамени,знамени,знамя,знаменем,знамени
1631,яд,яда,яду,яд,ядом,яде
1632,полоска,полоски,полоске,полоску,полоской,полоске
1633,обман,обмана,обману,обман,обманом,обмане
1634,вооружение,вооружения,вооружению,вооружение,вооружением,вооружении
1635,капуста,капусты,капусте,капусту,капустой,капусте
1636,аппетит,аппетита,аппетиту,аппетит,аппетитом,аппетите
1637,нуль,нуля,нулю,нуль,нулём,нуле
1638,группировка,группировки,группировке,группировку,группировкой,группировке
1639,партизан,партизана,партизану,партизана,партизаном,партизане
1640,закат,заката,закату,закат,закатом,закате
1641,тропинка,тропинки,тропинке,тропинку,тропинкой,тропинке
1642,историк,историка,историку,историка,историком,историке
1643,удовлетворение,удовлетворения,удовлетворению,удовлетворение,удовлетворением,удовлетворении
1644,специальность,специальности,специальности,специальность,специальностью,специальности
1645,каблук,каблука,каблуку,каблук,каблуком,каблуке
1646,японец,японца,японцу,японца,японцем,японце
1647,фрукт,фрукта,фрукту,фрукт,фруктом,фрукте
1648,инициатива,инициативы,инициативе,инициативу,инициативой,инициативе
1649,сценарий,сценария,сценарию,сценарий,сценарием,сценарии
1650,милость,милости,милости,милость,милостью,милости
1651,вселенная,Вселенной,Вселенной,Вселенную,Вселенной,Вселенной
1652,официант,официанта,официанту,официанта,официантом,официанте
1653,головка,головки,головке,головку,головкой,головке
1654,продавец,продавца,продавцу,продавца,продавцом,продавце
1655,гитара,гитары,гитаре,гитару,гитарой,гитаре
1656,тройка,тройки,тройке,тройку,тройкой,тройке
1657,досада,досады,досаде,досаду,досадой,досаде
1658,простор,простора,простору,простор,простором,просторе
1659,битва,битвы,битве,битву,битвой,битве
1660,утверждение,утверждения,утверждению,утверждение,утверждением,утверждении
1661,очаг,очага,очагу,очаг,очагом,очаге
1662,копыто,копыта,копыту,копыто,копытом,копыте
1663,бульвар,бульвара,бульвару,бульвар,бульваром,бульваре
1664,интеллигент,интеллигента,интеллигенту,интеллигента,интеллигентом,интеллигенте
1665,дракон,дракона,дракону,дракона,драконом,драконе
1666,мэр,мэра,мэру,мэра,мэром,мэре
1667,пилот,пилота,пилоту,пилота,пилотом,пилоте
1668,заговор,заговора,заговору,заговор,заговором,заговоре
1669,заговор,заговора,заговору,заговор,заговором,заговоре
1670,шлем,шлема,шлему,шлем,шлемом,шлеме
1671,окурок,окурка,окурку,окурок,окурком,окурке
1672,крыса,крысы,крысе,крысу,крысой,крысе
1673,вой,воя,вою,вой,воем,вое
1674,госпожа,госпожи,госпоже,госпожу,госпожой,госпоже
1675,оттенок,оттенка,оттенку,оттенок,оттенком,оттенке
1676,правитель,правителя,правителю,правителя,правителем,правителе
1677,весло,весла,веслу,весло,веслом,весле
1678,кишка,кишки,кишке,кишку,кишкой,кишке
1679,буря,бури,буре,бурю,бурей,буре
1680,прокуратура,прокуратуры,прокуратуре,прокуратуру,прокуратурой,прокуратуре
1681,снимок,снимка,снимку,снимок,снимком,снимке
1682,негодяй,негодяя,негодяю,негодяя,негодяем,негодяе
1683,проза,прозы,прозе,прозу,прозой,прозе
1684,терпение,терпения,терпению,терпение,терпением,терпении
1685,кузов,кузова,кузову,кузов,кузовом,кузове
1686,внешность,внешности,внешности,внешность,внешностью,внешности
1687,строчок,строчка,строчку,строчок,строчком,строчке
1688,диплом,диплома,диплому,диплом,дипломом,дипломе
1689,порция,порции,порции,порцию,порцией,порции
1690,витрина,витрины,витрине,витрину,витриной,витрине
1691,материя,материи,материи,материю,материей,материи
1692,провал,провала,провалу,провал,провалом,провале
1693,походка,походки,походке,походку,походкой,походке
1694,травма,травмы,травме,травму,травмой,травме
1695,отражение,отражения,отражению,отражение,отражением,отражении
1696,бак,бака,баку,бак,баком,баке
1697,метод,метода,методу,метод,методом,методе
1698,мяч,мяча,мячу,мяч,мячом,мяче
1699,трасса,трассы,трассе,трассу,трассой,трассе
1700,грамм,грамма,грамму,грамм,граммом,грамме
1701,торжество,торжества,торжеству,торжество,торжеством,торжестве
1702,купол,купола,куполу,купол,куполом,куполе
1703,мрак,мрака,мраку,мрак,мраком,мраке
1704,хребет,хребта,хребту,хребет,хребтом,хребте
1705,идеология,идеологии,идеологии,идеологию,идеологией,идеологии
1706,ребро,ребра,ребру,ребро,ребром,ребре
1707,командующий,командующего,командующему,командующего,командующим,командующем
1708,религия,религии,религии,религию,религией,религии
1709,батюшка,батюшки,батюшке,батюшку,батюшкой,батюшке
1710,артиллерия,артиллерии,артиллерии,артиллерию,артиллерией,артиллерии
1711,пехота,пехоты,пехоте,пехоту,пехотой,пехоте
1712,поп,попа,попу,попа,попом,попе
1713,победитель,победителя,победителю,победителя,победителем,победителе
1714,платформа,платформы,платформе,платформу,платформой,платформе
1715,матч,матча,матчу,матч,матчем,матче
1716,эмоция,эмоции,эмоции,эмоцию,эмоцией,эмоции
1717,пацан,пацана,пацану,пацана,пацаном,пацане
1718,убеждение,убеждения,убеждению,убеждение,убеждением,убеждении
1719,обрыв,обрыва,обрыву,обрыв,обрывом,обрыве
1720,плёнка,плёнки,плёнке,плёнку,плёнкой,плёнке
1721,посадка,посадки,посадке,посадку,посадкой,посадке
1722,блокнот,блокнота,блокноту,блокнот,блокнотом,блокноте
1723,разбойник,разбойника,разбойнику,разбойника,разбойником,разбойнике
1724,обитатель,обитателя,обитателю,обитателя,обитателем,обитателе
1725,мотив,мотива,мотиву,мотив,мотивом,мотиве
1726,сооружение,сооружения,сооружению,сооружение,сооружением,сооружении
1727,уничтожение,уничтожения,уничтожению,уничтожение,уничтожением,уничтожении
1728,полость,полости,полости,полость,полостью,полости
1729,расследование,расследования,расследованию,расследование,расследованием,расследовании
1730,нитка,нитки,нитке,нитку,ниткой,нитке
1731,младенец,младенца,младенцу,младенца,младенцем,младенце
1732,фигурка,фигурки,фигурке,фигурку,фигуркой,фигурке
1733,игрок,игрока,игроку,игрока,игроком,игроке
1734,коза,козы,козе,козу,козой,козе
1735,интонация,интонации,интонации,интонацию,интонацией,интонации
1736,порода,породы,породе,породу,породой,породе
1737,лозунг,лозунга,лозунгу,лозунг,лозунгом,лозунге
1738,профессионал,профессионала,профессионалу,профессионала,профессионалом,профессионале
1739,сотрудничество,сотрудничества,сотрудничеству,сотрудничество,сотрудничеством,сотрудничестве
1740,темп,темпа,темпу,темп,темпом,темпе
1741,обещание,обещания,обещанию,обещание,обещанием,обещании
1742,переводчик,переводчика,переводчику,переводчика,переводчиком,переводчике
1743,занавеска,занавески,занавеске,занавеску,занавеской,занавеске
1744,соглашение,соглашения,соглашению,соглашение,соглашением,соглашении
1745,печаль,печали,печали,печаль,печалью,печали
1746,выпуск,выпуска,выпуску,выпуск,выпуском,выпуске
1747,гром,грома,грому,гром,громом,громе
1748,формирование,формирования,формированию,формирование,формированием,формировании
1749,изделие,изделия,изделию,изделие,изделием,изделии
1750,казнь,казни,казни,казнь,казнью,казни
1751,местность,местности,местности,местность,местностью,местности
1752,невроз,невроза,неврозу,невроз,неврозом,неврозе
1753,прощение,прощения,прощению,прощение,прощением,прощении
1754,висок,виска,виску,висок,виском,виске
1755,банда,банды,банде,банду,бандой,банде
1756,хохот,хохота,хохоту,хохот,хохотом,хохоте
1757,рассуждение,рассуждения,рассуждению,рассуждение,рассуждением,рассуждении
1758,траншея,траншеи,траншее,траншею,траншеей,траншее
1759,холл,холла,холлу,холл,холлом,холле
1760,понедельник,понедельника,понедельнику,понедельник,понедельником,понедельнике
1761,мундир,мундира,мундиру,мундир,мундиром,мундире
1762,голубчик,голубчика,голубчику,голубчика,голубчиком,голубчике
1763,конструкция,конструкции,конструкции,конструкцию,конструкцией,конструкции
1764,капитализм,капитализма,капитализму,капитализм,капитализмом,капитализме
1765,веко,века,веку,веко,веком,веке
1766,корпорация,корпорации,корпорации,корпорацию,корпорацией,корпорации
1767,поручение,поручения,поручению,поручение,поручением,поручении
1768,протест,протеста,протесту,протест,протестом,протесте
1769,баран,барана,барану,барана,бараном,баране
1770,кличка,клички,кличке,кличку,кличкой,кличке
1771,погон,погона,погону,погон,погоном,погоне
1772,потомок,потомка,потомку,потомка,потомком,потомке
1773,бассейн,бассейна,бассейну,бассейн,бассейном,бассейне
1774,печень,печени,печени,печень,печенью,печени
1775,защитник,защитника,защитнику,защитника,защитником,защитнике
1776,обеспечение,обеспечения,обеспечению,обеспечение,обеспечением,обеспечении
1777,заслуга,заслуги,заслуге,заслугу,заслугой,заслуге
1778,отвращение,отвращения,отвращению,отвращение,отвращением,отвращении
1779,строитель,строителя,строителю,строителя,строителем,строителе
1780,стон,стона,стону,стон,стоном,стоне
1781,землянка,землянки,землянке,землянку,землянкой,землянке
1782,хирург,хирурга,хирургу,хирурга,хирургом,хирурге
1783,рельс,рельса,рельсу,рельс,рельсом,рельсе
1784,изучение,изучения,изучению,изучение,изучением,изучении
1785,призыв,призыва,призыву,призыв,призывом,призыве
1786,сорт,сорта,сорту,сорт,сортом,сорте
1787,пластинка,пластинки,пластинке,пластинку,пластинкой,пластинке
1788,брюхо,брюха,брюху,брюхо,брюхом,брюхе
1789,стоянка,стоянки,стоянке,стоянку,стоянкой,стоянке
1790,правление,правления,правлению,правление,правлением,правлении
1791,испуг,испуга,испугу,испуг,испугом,испуге
1792,будка,будки,будке,будку,будкой,будке
1793,постановление,постановления,постановлению,постановление,постановлением,постановлении
1794,Рим,Рима,Риму,Рим,Римом,Риме
1795,жилец,жильца,жильцу,жильца,жильцом,жильце
1796,обсуждение,обсуждения,обсуждению,обсуждение,обсуждением,обсуждении
1797,заря,зари,заре,зарю,зарёй,заре
1798,разработка,разработки,разработке,разработку,разработкой,разработке
